PLAYER_ID,SEASON_ID,LEAGUE_ID,TEAM_ID,TEAM_ABBREVIATION,PLAYER_AGE,GP,GS,MIN,FGM,FGA,FG_PCT,FG3M,FG3A,FG3_PCT,FTM,FTA,FT_PCT,OREB,DREB,REB,AST,STL,BLK,TOV,PF,PTS,NAME
1628690,2017-18,20,1612709909,DEL,29.0,43,40,26.2,2.2,5.8,0.371,1.2,3.8,0.315,0.7,0.8,0.8,0.4,1.4,1.8,2.1,0.8,0.1,1.6,2.7,6.2,Tyshawn Abbott
1628638,2017-18,20,1612709915,MNE,25.0,41,12,17.4,1.8,4.7,0.383,1.2,3.5,0.338,0.3,0.4,0.75,0.4,2.3,2.8,0.6,0.2,0.1,0.5,0.9,5.1,Josh Adeyeye
1627000,2017-18,20,1612709890,AUS,26.0,28,0,8.1,1.3,2.4,0.537,0.3,0.9,0.308,0.2,0.2,1.0,0.4,1.4,1.8,0.5,0.3,0.1,0.4,0.9,3.1,Daniel Alexander
1628576,2017-18,20,1612709889,OKL,23.0,50,27,30.9,4.9,12.0,0.412,3.7,9.2,0.404,1.9,2.4,0.793,0.5,2.4,2.8,2.0,0.9,0.1,1.2,1.0,15.5,Bryce Alford
1628614,2017-18,20,0,TOT,23.0,46,22,23.5,2.5,5.4,0.456,0.6,1.6,0.397,0.9,1.3,0.741,0.8,1.9,2.7,1.1,1.3,0.5,0.9,2.4,6.5,Dakarai Allen
1628443,2017-18,20,1612709915,MNE,25.0,34,33,34.5,6.7,15.0,0.446,1.2,4.1,0.3,3.1,4.2,0.732,1.5,4.0,5.5,5.0,2.2,0.6,2.4,2.4,17.7,Kadeem Allen
202730,2017-18,20,1612709900,NAS,29.0,10,9,21.3,3.9,6.7,0.582,0.0,0.0,0.0,1.2,1.5,0.8,3.4,2.9,6.3,2.4,0.7,1.1,1.2,2.5,9.0,Lavoy Allen
1628875,2017-18,20,1612709904,SXF,23.0,2,0,11.5,3.0,6.5,0.462,1.5,3.0,0.5,0.0,0.0,0.0,0.0,0.5,0.5,0.0,1.0,0.0,0.5,1.0,7.5,Seth Allen
101187,2017-18,20,1612709925,LAK,35.0,15,2,24.1,5.4,10.9,0.497,1.5,4.1,0.355,2.4,3.3,0.735,0.4,2.6,3.0,2.1,1.2,0.1,1.9,2.1,14.7,Alan Anderson
1627853,2017-18,20,1612709923,WCB,24.0,37,37,39.5,4.6,10.0,0.457,2.0,4.4,0.451,2.7,3.2,0.833,0.5,4.5,5.0,8.6,1.8,0.2,2.8,2.9,13.8,Ryan Arcidiacono
1628503,2017-18,20,1612709925,LAK,25.0,46,46,37.6,7.4,16.0,0.462,1.9,5.7,0.34,2.8,3.5,0.79,1.4,4.4,5.8,2.5,1.2,0.4,2.4,2.5,19.5,Jamel Artis
1626165,2017-18,20,1612709918,TEX,23.0,45,42,30.8,5.8,13.4,0.433,1.6,4.9,0.329,3.0,4.2,0.718,2.0,4.4,6.3,1.5,1.1,1.3,1.9,3.8,16.2,Brandon Ashley
1627649,2017-18,20,1612709914,RNO,24.0,15,1,16.5,3.4,8.4,0.405,0.5,2.0,0.233,1.9,2.4,0.778,0.7,2.0,2.7,1.5,0.8,0.2,0.8,2.5,9.1,Brandon Austin
1627938,2017-18,20,1612709918,TEX,26.0,50,6,18.5,2.5,5.5,0.444,0.7,2.2,0.295,1.0,1.2,0.845,1.6,3.6,5.2,1.8,0.7,0.2,0.8,1.8,6.6,J.J. Avila
1628779,2017-18,20,1612709911,IWA,23.0,1,0,2.0,0.0,0.0,0.0,0.0,0.0,0.0,0.0,0.0,0.0,0.0,0.0,0.0,2.0,0.0,0.0,0.0,0.0,0.0,Tre'Lun Banks
1627760,2017-18,20,1612709922,GBO,23.0,29,14,29.0,6.1,13.9,0.437,0.9,3.1,0.303,3.8,4.8,0.799,0.9,2.5,3.4,4.6,0.9,0.1,2.3,2.1,16.9,Cat Barber
1628625,2017-18,20,1612709915,MNE,28.0,37,8,16.3,1.9,4.4,0.423,0.9,2.8,0.327,0.3,0.4,0.667,0.6,2.1,2.8,0.8,0.4,0.3,0.6,2.3,4.9,Drew Barham
1628654,2017-18,20,1612709919,WES,26.0,32,3,16.2,1.9,5.2,0.37,0.7,1.8,0.373,0.9,1.2,0.811,1.1,1.5,2.6,0.7,1.1,0.3,0.5,1.4,5.4,Devon Baulkman
1628431,2017-18,20,1612709905,SBL,23.0,36,18,19.8,3.1,7.1,0.435,1.6,4.1,0.399,0.8,0.9,0.875,0.4,1.9,2.3,0.5,0.5,0.4,0.6,1.1,8.6,V.J. Beachem
1627862,2017-18,20,1612709913,ERI,24.0,20,2,16.8,1.9,5.0,0.37,1.1,3.3,0.333,1.1,1.4,0.786,0.6,2.9,3.5,0.9,0.4,0.4,1.4,1.9,5.9,Beau Beech
203461,2017-18,20,0,TOT,25.0,35,32,26.9,5.0,10.7,0.468,2.6,6.1,0.423,1.8,2.3,0.775,1.9,4.9,6.8,1.8,1.0,0.6,2.1,2.0,14.3,Anthony Bennett
204310,2017-18,20,1612709920,RAP,26.0,46,7,24.8,3.8,8.8,0.437,1.5,4.4,0.338,2.7,3.2,0.838,0.3,2.0,2.3,2.4,0.8,0.1,1.3,2.2,11.8,Davion Berry
1628700,2017-18,20,1612709920,RAP,26.0,47,39,26.1,2.6,6.1,0.427,1.4,3.6,0.376,1.3,1.6,0.813,0.5,2.0,2.5,1.7,0.6,0.0,1.2,2.0,7.9,Aaron Best
1628609,2017-18,20,1612709914,RNO,23.0,30,2,12.3,1.6,4.6,0.345,1.0,2.8,0.349,0.8,1.1,0.75,0.4,1.9,2.3,0.4,0.3,0.1,0.4,0.8,5.0,Michael Bethea Jr.
1627896,2017-18,20,1612709893,CTN,24.0,42,4,16.5,2.9,5.1,0.558,0.0,0.2,0.286,1.5,2.0,0.744,2.1,2.4,4.5,0.5,0.6,1.0,0.5,1.6,7.2,Gerald Beverly
1628444,2017-18,20,1612709915,MNE,23.0,20,20,35.2,7.8,15.0,0.518,1.9,5.9,0.325,1.9,3.1,0.597,1.7,4.1,5.7,2.7,1.4,0.5,2.2,1.9,19.3,Jabari Bird
1628511,2017-18,20,0,TOT,23.0,47,20,28.5,4.7,10.4,0.457,2.1,5.3,0.406,2.7,3.2,0.853,0.5,3.3,3.7,2.1,0.6,0.0,1.4,1.7,14.4,James Blackmon Jr.
1628469,2017-18,20,1612709923,WCB,21.0,32,32,38.3,11.0,24.0,0.459,2.8,8.0,0.353,7.2,8.4,0.862,0.7,5.8,6.6,3.9,1.3,0.5,2.9,1.8,32.0,Antonio Blakeney
1628417,2017-18,20,1612709890,AUS,24.0,50,48,29.6,7.1,13.0,0.545,0.4,1.5,0.301,1.9,2.4,0.785,2.4,5.8,8.2,1.4,0.8,0.5,1.4,1.9,16.5,Jaron Blossomgame
1627762,2017-18,20,1612709927,WIS,24.0,30,29,33.2,6.6,11.9,0.556,0.5,1.6,0.319,2.7,3.3,0.8,3.4,6.2,9.6,1.3,0.7,0.6,1.8,1.6,16.4,Joel Bolomboy
1628449,2017-18,20,1612709902,SCW,25.0,20,8,22.2,4.6,9.7,0.469,0.6,2.5,0.224,2.1,3.4,0.618,2.8,4.7,7.5,0.9,0.5,2.1,0.9,2.3,11.8,Chris Boucher
1628616,2017-18,20,1612709904,SXF,24.0,33,1,13.3,1.6,3.5,0.452,0.5,1.4,0.348,0.7,0.8,0.885,0.3,1.4,1.7,1.8,0.3,0.1,0.8,1.1,4.3,Jalen Bradley
1628653,2017-18,20,1612709905,SBL,22.0,50,7,21.5,4.1,9.7,0.425,0.9,2.8,0.314,1.5,2.5,0.591,2.0,3.8,5.8,1.0,1.4,0.8,1.5,1.5,10.6,Stephaun Branch
1628579,2017-18,20,1612709903,SLC,26.0,45,34,32.7,3.6,7.9,0.456,1.7,4.3,0.389,1.3,1.6,0.781,0.8,4.7,5.5,3.0,1.6,0.3,1.1,2.5,10.1,Taylor Braun
1628578,2017-18,20,1612709890,AUS,24.0,48,4,22.6,2.6,4.4,0.603,0.0,0.0,0.0,1.4,2.2,0.607,2.2,5.2,7.4,0.7,0.3,2.6,1.3,3.0,6.6,Amida Brimah
1626148,2017-18,20,1612709911,IWA,25.0,45,43,37.7,7.1,15.4,0.459,2.2,5.4,0.404,2.5,3.1,0.794,0.5,4.3,4.8,3.7,0.7,0.3,2.7,2.1,18.9,Anthony Brown
203913,2017-18,20,1612709902,SCW,25.0,9,8,27.8,5.9,13.4,0.438,2.6,7.3,0.348,1.4,2.0,0.722,0.1,1.8,1.9,2.2,0.9,0.0,2.6,2.7,15.8,Jabari Brown
203900,2017-18,20,0,TOT,26.0,31,27,31.9,5.9,13.1,0.447,2.6,7.5,0.355,2.4,3.1,0.789,0.8,3.6,4.5,2.8,1.3,0.4,1.7,1.6,16.8,Markel Brown
200769,2017-18,20,0,TOT,32.0,44,9,17.6,2.1,5.3,0.4,0.3,1.2,0.294,0.7,1.0,0.721,0.5,1.5,2.1,0.9,0.7,0.1,0.9,1.2,5.3,Shannon Brown
1628665,2017-18,20,0,TOT,22.0,45,7,20.6,3.0,7.0,0.424,1.4,3.6,0.372,0.8,1.0,0.787,1.1,3.4,4.4,0.6,0.4,0.4,1.0,2.2,8.1,Vitto Brown
1628876,2017-18,20,1612709909,DEL,23.0,2,1,22.0,3.0,6.0,0.5,2.5,5.0,0.5,0.0,0.0,0.0,0.0,0.5,0.5,0.0,0.5,0.0,0.5,1.0,8.5,Jared Brownridge
1628164,2017-18,20,1612709911,IWA,23.0,47,27,23.5,2.9,6.0,0.479,1.5,3.4,0.429,1.0,1.2,0.821,0.3,2.2,2.6,1.0,0.6,0.7,1.3,2.3,8.1,Michael Bryson
203907,2017-18,20,1612709903,SLC,26.0,43,14,22.0,2.1,5.2,0.409,0.4,1.5,0.281,1.8,2.4,0.724,0.3,1.9,2.2,3.0,0.8,0.2,1.4,2.2,6.5,Deonte Burton
1628850,2017-18,20,1612709925,LAK,23.0,20,5,16.0,2.4,4.9,0.49,0.8,2.1,0.366,0.7,1.0,0.737,1.4,3.2,4.6,1.2,1.0,0.8,0.7,2.9,6.3,Antonio Campbell
1628856,2017-18,20,1612709889,OKL,25.0,11,1,18.6,2.4,5.8,0.406,1.2,2.8,0.419,1.1,1.4,0.8,0.8,3.3,4.1,0.6,1.4,0.5,0.5,2.5,7.0,Michael Carrera
1627936,2017-18,20,1612709905,SBL,24.0,29,25,30.7,6.5,13.0,0.499,1.5,3.8,0.387,4.5,5.5,0.824,0.8,3.0,3.8,7.8,2.0,0.4,4.1,2.6,19.0,Alex Caruso
1626271,2017-18,20,1612709927,WIS,27.0,47,38,24.1,2.8,6.4,0.442,0.6,1.8,0.361,1.5,1.7,0.864,0.8,4.0,4.9,2.0,0.7,0.8,1.5,2.9,7.8,Kyle Casey
1628505,2017-18,20,1612709925,LAK,22.0,50,50,37.7,5.6,12.8,0.436,1.6,4.7,0.347,2.9,3.4,0.841,1.3,6.2,7.5,5.8,1.4,0.2,2.0,1.5,15.6,Troy Caupain
1627899,2017-18,20,0,TOT,25.0,10,0,15.2,2.5,4.8,0.521,0.8,2.2,0.364,0.7,1.0,0.7,0.5,1.5,2.0,0.7,0.7,0.0,1.2,0.9,6.5,Quinton Chievous
1627396,2017-18,20,1612709889,OKL,25.0,49,39,23.9,3.6,5.3,0.673,0.0,0.0,0.0,1.2,2.2,0.518,2.3,2.4,4.7,0.6,0.6,0.5,1.1,2.2,8.3,Mike Cobbins
1628435,2017-18,20,1612709926,MHU,22.0,45,14,18.3,3.6,6.2,0.586,0.0,0.0,0.0,1.9,2.6,0.714,2.6,3.1,5.8,0.7,0.3,0.7,1.0,2.2,9.2,Chance Comanche
1628429,2017-18,20,0,TOT,23.0,25,10,25.3,4.8,10.5,0.456,1.0,3.6,0.278,2.2,3.6,0.604,0.8,3.2,4.0,1.8,1.3,0.4,2.4,1.4,12.8,Charles Cooke
204022,2017-18,20,1612709914,RNO,27.0,39,32,27.5,7.0,12.5,0.561,0.0,0.1,0.25,3.6,5.1,0.714,5.1,4.7,9.8,1.1,1.1,0.6,1.6,3.5,17.7,Jack Cooley
1628126,2017-18,20,1612709900,NAS,25.0,9,0,4.3,0.3,1.0,0.333,0.0,0.6,0.0,0.0,0.0,0.0,0.0,0.4,0.4,0.6,0.1,0.0,0.0,0.3,0.7,Tyrell Corbin
1627856,2017-18,20,1612709890,AUS,24.0,30,25,22.0,3.2,6.3,0.508,0.5,1.4,0.366,1.1,1.4,0.791,2.2,4.7,6.9,2.0,0.8,2.1,1.4,2.5,8.0,Matt Costello
1627766,2017-18,20,1612709903,SLC,24.0,36,25,26.5,5.2,12.1,0.429,1.7,4.2,0.401,1.1,1.5,0.741,0.6,3.0,3.6,4.4,1.3,0.3,2.3,2.9,13.1,Isaiah Cousins
1628470,2017-18,20,1612709904,SXF,27.0,15,12,34.9,8.2,17.2,0.477,2.6,6.7,0.386,3.9,5.0,0.787,2.6,5.5,8.1,3.4,1.1,2.0,2.6,2.6,22.9,Torrey Craig
203908,2017-18,20,0,TOT,26.0,27,14,23.2,3.0,8.3,0.356,0.9,3.7,0.248,1.9,2.3,0.823,2.2,3.6,5.9,1.0,0.6,1.2,1.6,1.9,8.7,DeAndre Daniels
1628666,2017-18,20,1612709908,RGV,23.0,16,1,18.9,2.1,4.6,0.466,0.4,1.8,0.25,0.8,1.3,0.6,0.6,2.4,2.9,3.3,1.4,0.4,1.1,2.0,5.4,Kyle Davis
1628069,2017-18,20,1612709915,MNE,25.0,46,12,25.3,5.5,13.0,0.418,2.0,5.3,0.38,3.7,4.3,0.864,0.7,2.4,3.1,4.7,1.3,0.1,2.2,2.1,16.7,Trey Davis
1627900,2017-18,20,0,TOT,25.0,46,4,16.0,3.0,5.2,0.577,0.0,0.1,0.0,1.4,1.8,0.762,1.7,1.9,3.7,0.5,0.5,0.4,0.8,1.1,7.4,Will Davis
1628617,2017-18,20,1612709922,GBO,23.0,37,9,14.8,1.6,4.1,0.393,1.0,2.8,0.365,0.1,0.1,1.0,0.2,1.6,1.8,1.0,0.6,0.2,0.6,2.2,4.3,John Dawson
1628610,2017-18,20,1612709914,RNO,24.0,45,26,24.8,2.7,5.6,0.48,0.7,2.0,0.352,1.3,1.7,0.769,1.4,4.0,5.5,1.4,0.8,0.5,0.9,3.0,7.4,Cody Demps
1628520,2017-18,20,1612709915,MNE,24.0,30,6,13.5,1.0,2.9,0.341,0.4,1.3,0.282,0.5,0.7,0.714,0.4,1.0,1.5,1.4,0.5,0.2,0.5,1.4,2.9,Daniel Dingle
1628679,2017-18,20,1612709915,MNE,24.0,46,25,33.3,4.5,11.5,0.389,2.5,7.0,0.351,1.9,2.3,0.846,0.9,3.8,4.7,2.7,0.8,0.2,2.0,2.2,13.3,Daniel Dixon
204176,2017-18,20,1612709903,SLC,27.0,32,4,14.4,1.5,3.3,0.439,0.0,0.0,0.0,1.1,1.8,0.632,1.4,1.4,2.9,0.3,0.3,0.9,0.7,2.2,4.1,Asauhn Dixon-Tatum
1627306,2017-18,20,0,TOT,26.0,32,0,10.9,2.0,4.6,0.445,1.1,2.4,0.442,0.3,0.5,0.625,0.2,1.3,1.4,0.5,0.3,0.0,0.3,0.8,5.4,Jordan Downing
1628495,2017-18,20,1612709921,LIN,24.0,45,44,35.4,7.5,18.1,0.417,3.3,8.8,0.372,2.2,2.8,0.778,1.2,5.0,6.2,4.5,1.6,0.6,3.3,2.9,20.5,Milton Doyle
1628408,2017-18,20,1612709889,OKL,21.0,43,38,28.5,5.1,11.0,0.464,1.3,3.7,0.338,1.5,2.3,0.653,1.2,4.4,5.6,2.8,1.3,0.3,2.2,2.5,13.0,PJ Dozier
1627945,2017-18,20,1612709919,WES,26.0,5,0,10.0,1.2,1.6,0.75,0.6,0.6,1.0,0.0,0.0,0.0,0.6,1.6,2.2,0.8,0.4,0.4,0.4,1.0,3.0,Ousmane Drame
1626251,2017-18,20,0,TOT,26.0,24,1,10.1,1.0,2.9,0.348,0.7,1.9,0.348,0.3,0.5,0.615,0.0,1.1,1.2,0.5,0.3,0.1,0.5,0.9,3.0,Duje Dukan
203195,2017-18,20,1612709927,WIS,28.0,22,9,20.3,2.8,6.2,0.453,0.0,0.0,0.0,2.5,3.3,0.75,1.6,2.8,4.4,0.8,0.5,0.7,1.1,2.7,8.1,Michael Dunigan
203921,2017-18,20,0,TOT,27.0,34,22,28.1,4.9,9.7,0.5,1.1,3.5,0.322,1.4,1.8,0.8,1.4,3.6,5.0,2.2,0.9,0.9,1.7,2.2,12.2,Cleanthony Early
204067,2017-18,20,1612709923,WCB,26.0,28,27,36.5,5.5,12.5,0.443,3.5,8.1,0.438,2.8,3.1,0.919,0.5,4.9,5.4,1.9,1.0,0.4,1.7,2.1,17.4,Jarell Eddie
1628012,2017-18,20,1612709893,CTN,25.0,41,5,16.4,2.1,5.1,0.405,0.9,2.5,0.337,1.2,1.6,0.769,0.5,2.6,3.0,0.9,0.8,0.3,1.0,2.0,6.2,Arthur Edwards
204083,2017-18,20,1612709920,RAP,26.0,35,2,22.0,3.6,8.3,0.438,1.6,4.4,0.373,1.3,1.8,0.746,0.5,2.5,2.9,1.6,1.7,0.3,1.3,1.5,10.2,Fuquan Edwin
1626295,2017-18,20,1612709917,GRD,25.0,1,0,4.0,1.0,2.0,0.5,0.0,0.0,0.0,0.0,0.0,0.0,0.0,0.0,0.0,0.0,0.0,0.0,0.0,1.0,2.0,Nnanna Egwu
1627770,2017-18,20,0,TOT,23.0,20,19,30.1,6.1,14.9,0.409,1.4,4.4,0.318,3.2,3.6,0.887,0.8,3.1,3.9,5.8,1.8,0.5,3.6,2.8,16.8,Kay Felder
1628621,2017-18,20,1612709889,OKL,23.0,48,3,16.4,2.2,5.9,0.381,0.8,2.2,0.364,1.3,1.6,0.829,0.2,1.5,1.7,2.2,0.6,0.1,0.9,1.2,6.6,Javan Felix
203751,2017-18,20,0,TOT,29.0,23,0,8.9,1.2,3.0,0.4,0.7,1.6,0.432,0.5,0.6,0.786,0.5,1.3,1.8,0.2,0.2,0.2,0.5,1.1,3.6,Kevin Foster
1628857,2017-18,20,1612709926,MHU,22.0,14,2,22.6,3.6,9.0,0.405,1.1,3.5,0.327,1.1,1.1,0.938,0.6,3.3,3.9,3.7,0.7,0.0,1.4,2.3,9.5,J.J. Frazier
1628656,2017-18,20,1612709919,WES,23.0,50,14,27.2,4.3,9.6,0.454,0.7,2.5,0.293,2.5,2.9,0.87,0.4,2.3,2.7,2.4,1.1,0.2,1.7,2.1,11.9,Billy Garrett
1627771,2017-18,20,1612709902,SCW,26.0,28,20,27.4,3.3,7.8,0.425,1.3,4.3,0.303,0.9,1.3,0.694,0.4,2.4,2.8,1.8,0.9,0.5,1.0,1.6,8.8,Michael Gbinije
202087,2017-18,20,1612709904,SXF,31.0,28,22,32.1,4.9,9.9,0.493,0.6,1.6,0.356,3.3,4.6,0.721,2.0,3.3,5.3,2.3,1.6,0.5,2.3,2.6,13.6,Alonzo Gee
1628671,2017-18,20,1612709922,GBO,23.0,50,11,20.2,2.5,4.4,0.583,0.0,0.1,0.333,1.5,2.0,0.745,1.6,2.6,4.2,0.4,0.2,0.5,0.8,2.4,6.6,L.G. Gill
1628552,2017-18,20,0,TOT,24.0,33,8,17.7,2.8,6.3,0.45,0.9,2.6,0.341,2.4,3.0,0.808,0.3,1.1,1.4,3.6,0.7,0.1,2.0,1.2,9.0,John Gillon
203462,2017-18,20,0,TOT,23.0,34,28,32.1,6.7,12.7,0.528,0.7,2.1,0.319,4.9,7.0,0.706,1.2,4.7,5.9,3.1,1.6,0.2,2.9,2.6,19.0,Archie Goodwin
1628680,2017-18,20,1612709903,SLC,25.0,28,3,15.0,3.4,9.0,0.377,1.5,5.1,0.292,0.4,0.7,0.632,0.5,1.6,2.2,0.4,0.6,0.1,0.9,1.2,8.7,Torian Graham
1627982,2017-18,20,1612709900,NAS,24.0,45,28,34.1,7.2,15.9,0.454,2.7,6.6,0.407,2.3,3.0,0.759,1.1,3.7,4.8,6.6,2.4,0.1,2.9,1.8,19.4,Josh Gray
1627660,2017-18,20,1612709921,LIN,26.0,44,2,13.4,1.7,2.9,0.591,0.1,0.3,0.385,1.0,2.0,0.535,1.8,2.5,4.3,0.5,0.3,1.2,0.7,2.2,4.6,Kendall Gray
1626999,2017-18,20,1612709890,AUS,25.0,34,9,14.4,1.4,3.1,0.439,0.2,0.8,0.296,1.2,1.5,0.788,0.5,1.0,1.5,1.1,0.6,0.2,0.9,1.5,4.2,Jordan Green
1628646,2017-18,20,1612709900,NAS,25.0,6,0,4.8,0.5,1.2,0.429,0.2,0.5,0.333,0.0,0.0,0.0,0.2,0.5,0.7,0.2,0.2,0.0,0.0,0.2,1.2,Steven Green
1628237,2017-18,20,1612709914,RNO,24.0,42,0,19.4,3.2,7.2,0.445,1.1,2.8,0.398,0.8,1.0,0.833,0.4,2.7,3.1,3.8,1.1,0.2,0.8,1.7,8.3,Josh Hagins
1628174,2017-18,20,0,TOT,24.0,45,23,27.8,3.9,8.7,0.45,0.5,1.5,0.328,1.8,2.7,0.683,0.8,3.0,3.8,4.9,2.0,0.4,2.2,1.6,10.1,Alex Hamilton
1627772,2017-18,20,1612709889,OKL,22.0,45,45,32.8,5.5,13.4,0.407,1.6,5.6,0.286,3.6,4.4,0.813,1.8,7.2,9.0,8.0,1.1,0.1,5.0,1.9,16.1,Daniel Hamilton
1628554,2017-18,20,1612709893,CTN,24.0,42,11,17.6,2.8,6.8,0.416,1.0,3.0,0.331,0.7,0.9,0.833,0.7,1.9,2.6,1.2,0.6,0.1,0.9,1.5,7.4,Isaac Hamilton
1626152,2017-18,20,1612709890,AUS,25.0,44,30,30.6,5.4,11.9,0.456,1.6,4.3,0.368,2.2,2.8,0.802,0.5,2.3,2.8,2.8,0.8,0.1,1.6,1.9,14.7,Olivier Hanlan
1628605,2017-18,20,1612709926,MHU,24.0,47,13,21.4,3.2,7.6,0.421,1.7,3.8,0.441,1.2,1.3,0.905,0.3,1.6,1.9,1.8,0.6,0.1,0.8,1.4,9.3,Dusty Hannahs
1628667,2017-18,20,1612709908,RGV,25.0,31,0,11.7,1.0,1.9,0.508,0.0,0.1,0.0,0.1,0.3,0.4,0.7,1.0,1.7,1.8,1.1,0.3,0.8,0.7,2.1,Kevin Hardy
1628854,2017-18,20,1612709927,WIS,24.0,12,0,6.9,0.5,1.5,0.333,0.5,0.8,0.6,0.8,0.8,0.9,0.1,0.6,0.7,0.4,0.3,0.0,0.6,0.9,2.3,Eron Harris
1628523,2017-18,20,1612709923,WCB,24.0,40,25,25.5,5.7,10.8,0.53,0.0,0.3,0.091,1.5,2.6,0.577,2.0,3.9,5.9,2.0,0.9,0.7,1.5,3.6,12.9,Tyler Harris
1628392,2017-18,20,1612709908,RGV,20.0,38,11,18.7,3.6,6.3,0.564,0.3,0.9,0.343,2.0,2.9,0.685,2.8,3.8,6.6,1.1,0.5,1.1,1.4,3.0,9.5,Isaiah Hartenstein
1628735,2017-18,20,1612709890,AUS,23.0,31,1,6.8,0.9,2.1,0.431,0.3,0.6,0.4,0.7,0.8,0.808,0.0,0.7,0.7,0.5,0.3,0.1,0.3,1.0,2.7,Tucker Haymond
203687,2017-18,20,0,TOT,26.0,26,21,32.6,5.3,12.6,0.421,2.3,6.3,0.368,1.8,2.2,0.842,0.7,4.2,4.8,1.6,0.7,0.2,1.2,2.1,14.8,Reggie Hearn
1628516,2017-18,20,1612709922,GBO,24.0,42,22,27.5,3.8,9.4,0.403,2.3,5.8,0.388,1.4,1.8,0.789,0.6,3.2,3.8,2.0,0.9,0.3,1.7,2.0,11.3,Terry Henderson
203542,2017-18,20,1612709919,WES,28.0,37,0,10.2,1.7,3.5,0.492,0.0,0.0,0.0,0.6,1.5,0.436,1.5,1.9,3.4,0.3,0.3,0.6,0.8,1.8,4.1,Jordan Henriquez
1627988,2017-18,20,0,TOT,25.0,38,1,28.3,5.9,11.9,0.501,2.1,5.2,0.394,2.4,3.2,0.754,0.8,4.3,5.2,2.2,1.6,0.6,2.4,2.8,16.4,Myke Henry
1628176,2017-18,20,1612709924,ACC,26.0,49,41,33.8,5.1,13.3,0.384,2.2,6.6,0.332,3.1,3.6,0.86,0.8,4.1,4.9,1.6,1.0,0.5,1.4,1.8,15.6,LaDontae Henton
1628246,2017-18,20,1612709905,SBL,26.0,39,19,20.0,1.9,3.9,0.497,1.0,2.4,0.426,0.3,0.4,0.733,0.9,2.5,3.4,1.1,0.7,0.1,0.7,1.4,5.2,Robert Heyer
1628439,2017-18,20,1612709919,WES,23.0,37,36,29.5,6.1,10.6,0.575,0.1,0.2,0.333,3.3,4.1,0.809,2.7,5.3,8.0,1.5,0.8,2.0,2.1,3.9,15.6,Isaiah Hicks
1627208,2017-18,20,1612709910,FWN,26.0,49,34,29.5,4.1,8.6,0.481,1.1,3.2,0.338,3.3,4.1,0.805,1.9,3.5,5.5,1.4,1.1,0.3,1.1,2.0,12.7,Stephan Hicks
1626199,2017-18,20,1612709890,AUS,25.0,36,31,28.4,7.3,15.3,0.475,2.2,5.5,0.402,3.9,4.7,0.845,0.4,4.1,4.5,3.8,1.1,0.4,3.2,2.0,20.7,Darrun Hilliard
1628113,2017-18,20,1612709905,SBL,24.0,50,45,25.4,3.4,7.2,0.474,0.7,2.0,0.34,1.0,1.4,0.722,1.4,3.1,4.5,1.9,1.0,0.1,1.5,2.1,8.6,Demarcus Holland
204066,2017-18,20,1612709893,CTN,29.0,23,23,34.2,6.5,15.6,0.419,3.0,8.3,0.361,2.7,3.6,0.759,0.6,3.3,3.9,2.9,1.6,0.3,2.4,2.7,18.8,John Holland
1628753,2017-18,20,1612709910,FWN,22.0,41,8,17.6,1.4,4.0,0.355,0.4,1.5,0.238,0.6,0.8,0.735,0.4,2.0,2.4,4.7,2.2,0.2,2.0,1.8,3.9,Tra-Deon Hollins
204112,2017-18,20,1612709900,NAS,27.0,48,6,25.2,3.5,7.3,0.481,0.9,2.6,0.352,1.9,2.6,0.74,1.8,3.6,5.4,1.5,1.5,1.1,1.3,2.3,9.9,Rahlir Hollis-Jefferson
1628526,2017-18,20,1612709913,ERI,24.0,49,21,21.6,3.4,7.5,0.451,1.0,2.9,0.336,0.9,1.4,0.643,1.3,2.5,3.8,1.4,0.6,0.6,1.4,2.2,8.6,Jeremy Hollowell
1628527,2017-18,20,1612709902,SCW,24.0,43,10,19.6,2.4,5.4,0.436,1.0,2.6,0.389,0.4,0.7,0.621,0.3,1.6,1.9,1.7,0.4,0.0,0.7,1.0,6.2,Avry Holmes
1626261,2017-18,20,1612709905,SBL,25.0,28,4,11.4,1.6,3.5,0.464,0.0,0.1,0.0,1.7,2.4,0.706,2.7,2.8,5.5,0.2,0.1,0.8,0.9,2.4,4.9,Michael Holyfield
1626281,2017-18,20,1612709917,GRD,26.0,34,6,18.0,1.8,3.5,0.513,0.1,0.5,0.167,0.7,1.0,0.706,2.0,4.7,6.7,1.3,0.4,0.5,1.0,2.1,4.4,Jon Horford
1628599,2017-18,20,1612709910,FWN,24.0,32,0,9.8,0.8,2.7,0.306,0.7,2.1,0.318,0.4,0.6,0.7,0.3,0.5,0.8,0.4,0.5,0.0,0.4,1.2,2.7,Je'Lon Hornbeak
1627867,2017-18,20,1612709918,TEX,26.0,32,18,24.5,3.9,8.8,0.447,1.3,3.5,0.369,1.0,1.3,0.786,0.4,2.6,3.1,1.7,1.1,0.0,0.7,0.9,10.2,Keith Hornsby
1627863,2017-18,20,0,TOT,25.0,35,23,32.3,5.9,12.7,0.463,2.8,7.2,0.387,3.4,4.2,0.81,0.9,4.7,5.6,2.7,1.1,0.5,2.3,2.0,18.0,Danuel House
1628674,2017-18,20,1612709922,GBO,24.0,33,2,13.5,1.5,3.8,0.386,0.9,2.8,0.315,1.2,1.3,0.864,0.7,1.9,2.6,0.3,0.4,0.1,0.3,1.8,5.0,Cole Huff
1626154,2017-18,20,1612709908,RGV,24.0,45,28,30.8,6.6,15.0,0.444,3.7,9.7,0.377,3.4,4.3,0.803,0.4,3.1,3.4,3.2,1.5,0.5,1.9,2.4,20.4,RJ Hunter
1627813,2017-18,20,1612709921,LIN,24.0,32,15,11.5,1.4,2.4,0.571,0.0,0.0,0.0,0.3,1.2,0.216,1.1,1.8,2.9,0.2,0.3,1.4,0.8,2.4,3.0,Prince Ibeh
1628528,2017-18,20,1612709924,ACC,23.0,50,14,24.7,4.2,10.2,0.413,0.6,2.2,0.266,3.2,4.5,0.705,0.8,3.2,4.1,3.9,0.8,0.1,2.4,1.7,12.2,Ike Iroegbu
1628860,2017-18,20,1612709919,WES,23.0,12,6,30.6,3.9,7.4,0.528,0.3,0.5,0.5,0.8,1.3,0.6,0.8,5.1,5.9,1.5,1.1,0.2,1.3,1.5,8.8,Zak Irvin
1628663,2017-18,20,0,TOT,22.0,35,0,11.3,1.4,3.4,0.424,0.2,0.9,0.182,0.3,0.8,0.407,0.7,1.5,2.1,0.9,0.2,0.4,0.5,0.9,3.3,Kuran Iverson
1627292,2017-18,20,1612709904,SXF,25.0,45,28,23.3,4.9,8.1,0.612,0.0,0.0,0.0,2.1,3.1,0.667,2.2,5.0,7.2,1.1,0.9,1.1,1.5,2.5,12.0,Kadeem Jack
1627743,2017-18,20,0,TOT,23.0,26,15,28.8,5.3,11.4,0.465,1.4,3.9,0.353,2.7,3.4,0.807,0.8,2.8,3.7,4.5,1.2,0.3,2.2,2.2,14.7,Demetrius Jackson
1628518,2017-18,20,1612709911,IWA,25.0,47,46,34.9,7.1,11.4,0.625,0.0,0.1,0.167,3.5,4.8,0.729,3.6,9.3,12.9,2.6,0.9,0.6,2.3,2.0,17.8,Amile Jefferson
203928,2017-18,20,1612709918,TEX,27.0,10,5,23.4,4.9,9.8,0.5,1.3,3.2,0.406,1.5,2.1,0.714,1.7,3.8,5.5,1.2,0.3,1.1,1.0,2.2,12.6,Cory Jefferson
203511,2017-18,20,1612709893,CTN,24.0,16,14,33.1,6.4,13.6,0.475,2.0,5.2,0.386,1.9,2.3,0.861,1.6,5.9,7.4,2.6,1.4,1.5,1.3,2.4,16.8,Grant Jerrett
1628525,2017-18,20,1612709909,DEL,23.0,44,8,17.5,2.3,5.4,0.416,0.4,1.3,0.304,1.6,2.3,0.693,0.6,1.3,1.9,0.7,0.4,0.1,1.1,1.6,6.5,Darin Johnson
203910,2017-18,20,1612709890,AUS,25.0,48,41,31.3,3.8,10.8,0.354,1.6,4.6,0.359,2.4,2.9,0.839,0.8,3.2,4.0,3.8,1.2,0.3,2.1,3.0,11.7,Nick Johnson
1628514,2017-18,20,1612709900,NAS,24.0,27,0,12.9,1.6,3.9,0.423,1.2,3.2,0.379,0.4,0.5,0.786,0.3,1.9,2.2,0.7,0.4,0.0,0.3,0.9,4.9,Peter Jok
203199,2017-18,20,1612709910,FWN,28.0,49,48,30.6,6.6,12.9,0.508,1.7,3.8,0.435,3.7,4.4,0.833,0.7,4.1,4.8,1.6,1.3,0.6,2.5,1.9,18.4,DeQuan Jones
1627883,2017-18,20,0,TOT,25.0,32,21,31.4,6.6,14.2,0.465,1.3,4.5,0.276,5.1,6.5,0.784,1.9,5.2,7.1,2.4,0.7,0.5,2.4,2.9,19.5,Jalen Jones
1628512,2017-18,20,1612709914,RNO,23.0,50,40,29.6,3.8,9.1,0.413,1.2,4.1,0.305,1.4,1.8,0.783,0.7,3.1,3.8,1.3,1.3,0.1,1.0,2.0,10.2,Matt Jones
1627912,2017-18,20,1612709893,CTN,25.0,20,12,26.2,1.9,4.2,0.452,0.0,0.2,0.0,0.5,0.9,0.588,2.6,5.0,7.6,3.8,1.1,0.4,1.1,1.8,4.3,Roosevelt Jones
203093,2017-18,20,1612709902,SCW,26.0,16,9,29.8,7.2,13.6,0.53,1.0,2.7,0.372,3.9,7.4,0.525,1.3,5.8,7.1,4.6,1.2,1.3,3.1,3.3,19.3,Terrence Jones
203103,2017-18,20,1612709911,IWA,26.0,26,10,23.5,4.2,9.1,0.462,1.0,2.9,0.329,1.4,1.9,0.72,1.0,4.0,5.0,1.6,0.7,0.6,1.5,2.3,10.7,Perry Jones III
1627884,2017-18,20,0,TOT,21.0,29,22,29.1,6.3,12.8,0.497,1.6,4.7,0.338,3.2,4.6,0.692,1.6,5.9,7.4,1.9,1.3,1.8,1.7,2.6,17.4,Derrick Jones Jr.
1628672,2017-18,20,1612709920,RAP,24.0,43,7,19.8,2.4,6.4,0.376,0.5,2.2,0.245,1.2,1.5,0.815,0.4,1.9,2.3,4.5,0.9,0.0,1.8,1.8,6.6,Kaza Keane
1628460,2017-18,20,1612709917,GRD,23.0,47,14,21.2,3.6,8.5,0.418,2.1,5.3,0.405,0.5,0.6,0.8,0.2,1.7,1.9,1.4,0.5,0.1,1.3,1.5,9.7,Bronson Koenig
1628436,2017-18,20,1612709919,WES,22.0,36,35,32.4,6.0,12.3,0.489,2.5,5.8,0.438,1.6,1.9,0.812,1.3,4.9,6.2,2.5,0.7,1.6,1.5,2.1,16.1,Luke Kornet
1628874,2017-18,20,1612709924,ACC,28.0,1,0,1.0,0.0,2.0,0.0,0.0,0.0,0.0,0.0,0.0,0.0,0.0,0.0,0.0,0.0,0.0,0.0,0.0,1.0,0.0,Theron Laudermill
1626586,2017-18,20,1612709890,AUS,30.0,44,0,24.1,3.6,9.0,0.405,2.3,6.3,0.363,1.6,1.8,0.888,0.5,2.5,3.0,3.8,1.5,0.1,2.2,2.2,11.2,Jeff Ledbetter
203495,2017-18,20,1612709927,WIS,25.0,17,14,33.8,5.7,14.6,0.391,2.4,7.2,0.328,1.6,1.6,0.964,0.8,5.8,6.5,2.9,1.6,0.1,1.9,1.2,15.4,Ricky Ledo
1627916,2017-18,20,1612709893,CTN,25.0,5,0,6.0,1.0,2.6,0.385,0.6,1.4,0.429,0.4,0.4,1.0,0.4,0.4,0.8,0.4,0.2,0.0,0.0,0.4,3.0,Stedmon Lemon
1627215,2017-18,20,1612709910,FWN,25.0,40,40,36.6,9.0,18.3,0.49,1.1,3.4,0.309,3.4,4.4,0.768,0.7,3.9,4.7,6.1,2.0,0.2,3.2,2.6,22.4,Walter Lemon Jr.
1628618,2017-18,20,1612709889,OKL,22.0,48,11,21.7,2.7,7.0,0.389,1.9,5.2,0.356,1.1,1.3,0.841,0.5,3.8,4.3,0.5,0.6,0.2,0.6,1.4,8.4,Justin Leon
1628461,2017-18,20,1612709927,WIS,23.0,49,16,28.0,3.4,7.4,0.452,1.1,2.7,0.394,1.4,1.6,0.85,0.3,2.0,2.3,4.6,1.6,0.1,2.8,2.6,9.2,JeQuan Lewis
1628023,2017-18,20,1612709908,RGV,26.0,43,28,20.0,3.6,7.7,0.465,1.0,3.5,0.3,1.1,1.5,0.734,0.7,2.2,2.9,1.3,1.0,0.1,1.0,1.9,9.3,Julien Lewis
1627848,2017-18,20,1612709909,DEL,25.0,33,18,22.5,5.8,10.2,0.562,0.4,0.8,0.429,2.6,4.1,0.649,2.8,4.9,7.8,1.5,0.8,1.4,2.2,3.3,14.5,Shawn Long
1628533,2017-18,20,1612709909,DEL,23.0,29,3,17.6,2.0,5.3,0.373,1.4,3.9,0.372,0.7,0.9,0.778,0.7,1.9,2.6,1.1,0.3,0.3,1.0,2.0,6.1,Marc Loving
1628682,2017-18,20,1612709918,TEX,23.0,12,0,15.9,2.3,5.3,0.422,1.8,4.3,0.423,0.2,0.3,0.667,0.3,1.3,1.5,2.8,0.7,0.1,1.0,0.8,6.5,Damon Lynn
203159,2017-18,20,1612709905,SBL,28.0,46,22,31.4,5.5,12.3,0.45,1.5,3.8,0.405,3.3,3.7,0.884,0.5,3.4,3.8,8.7,1.0,0.1,3.2,2.0,15.9,Scott Machado
203705,2017-18,20,1612709913,ERI,28.0,36,34,34.8,5.1,13.7,0.374,1.7,5.7,0.301,3.2,4.0,0.804,0.4,2.9,3.3,10.2,1.9,0.1,3.2,2.5,15.1,Josh Magette
1627406,2017-18,20,1612709927,WIS,25.0,4,0,6.8,0.3,1.5,0.167,0.0,0.0,0.0,0.5,1.0,0.5,0.0,1.3,1.3,0.5,0.3,0.0,0.0,0.0,1.0,Alex Marzette
1628535,2017-18,20,1612709913,ERI,24.0,48,11,20.4,3.0,7.9,0.382,1.4,4.3,0.317,1.4,2.0,0.704,0.5,1.7,2.1,1.2,0.8,0.1,1.0,1.1,8.8,Jordan Mathews
1628493,2017-18,20,1612709922,GBO,25.0,43,36,25.3,4.5,8.8,0.509,0.0,0.0,0.0,1.9,2.9,0.643,3.4,5.8,9.2,1.1,0.7,1.4,1.9,2.4,10.8,Mangok Mathiang
203949,2017-18,20,0,TOT,25.0,18,14,28.2,3.6,8.6,0.416,0.4,1.7,0.267,2.6,3.6,0.723,2.2,4.3,6.4,2.3,1.4,1.7,1.8,2.2,10.2,James Michael McAdoo
1628571,2017-18,20,0,TOT,24.0,35,29,32.3,6.3,14.9,0.425,2.0,5.3,0.384,3.2,4.4,0.734,1.2,3.9,5.1,1.8,0.9,0.6,2.5,2.1,17.9,Erik McCree
203909,2017-18,20,1612709917,GRD,25.0,31,0,27.4,6.2,12.8,0.482,1.2,4.0,0.306,2.7,3.5,0.761,2.3,4.9,7.1,1.1,1.2,1.4,1.5,2.3,16.2,KJ McDaniels
1626722,2017-18,20,1612709910,FWN,27.0,36,6,26.9,4.6,8.9,0.514,0.8,2.0,0.397,2.0,2.6,0.768,0.7,2.4,3.1,2.5,1.0,0.2,1.9,2.5,12.0,Trey McKinney Jones
1628452,2017-18,20,1612709920,RAP,23.0,45,38,27.7,5.7,11.2,0.504,0.0,0.4,0.056,1.5,2.0,0.761,4.3,5.3,9.6,1.6,1.0,0.9,1.5,2.8,12.8,Kennedy Meeks
1626259,2017-18,20,1612709920,RAP,25.0,34,22,27.9,4.0,9.2,0.436,2.2,5.8,0.374,2.3,2.9,0.798,1.3,3.9,5.1,1.6,0.8,0.5,1.3,1.6,12.6,Malcolm Miller
1627919,2017-18,20,1612709903,SLC,24.0,5,0,21.0,1.6,4.2,0.381,0.6,2.2,0.273,0.8,0.8,1.0,1.4,4.0,5.4,1.0,0.8,0.4,0.0,2.0,4.6,Shonn Miller
202407,2017-18,20,1612709911,IWA,30.0,45,25,29.8,4.6,11.7,0.396,1.7,4.6,0.376,4.2,5.4,0.782,0.8,4.5,5.3,2.3,1.5,0.6,2.1,3.3,15.2,Elijah Millsap
204064,2017-18,20,1612709921,LIN,26.0,30,17,26.3,3.8,6.6,0.568,0.3,1.0,0.258,0.7,1.9,0.368,1.8,4.9,6.7,1.9,0.9,0.8,1.9,2.0,8.5,Akil Mitchell
203183,2017-18,20,1612709904,SXF,28.0,44,17,29.4,6.8,16.3,0.42,2.6,8.3,0.315,2.3,3.1,0.73,1.1,4.7,5.9,3.8,1.7,0.9,2.7,2.6,18.6,Tony Mitchell
1628513,2017-18,20,1612709903,SLC,24.0,40,35,35.0,6.0,14.1,0.425,3.4,9.1,0.378,2.6,3.0,0.86,0.3,5.7,6.1,4.6,1.2,0.1,3.1,2.4,18.0,Naz Mitrou-Long
204190,2017-18,20,1612709918,TEX,27.0,12,11,29.8,2.9,7.1,0.412,1.0,2.3,0.429,0.9,1.3,0.733,0.6,2.6,3.2,6.3,0.8,0.0,2.6,3.3,7.8,Duke Mondy
1626242,2017-18,20,0,TOT,25.0,33,16,28.8,3.5,8.8,0.397,1.0,3.2,0.299,2.5,3.2,0.79,1.1,5.9,6.9,2.4,1.4,0.8,1.9,3.5,10.5,Luis Montero
1628500,2017-18,20,1612709910,FWN,23.0,43,10,27.9,4.3,7.7,0.555,0.4,1.3,0.352,2.8,3.5,0.812,2.5,3.9,6.4,1.9,1.0,0.4,1.6,2.1,11.8,Ben Moore
1628052,2017-18,20,1612709921,LIN,27.0,46,1,16.1,2.5,6.2,0.405,0.7,2.6,0.28,1.6,2.0,0.777,0.5,1.3,1.8,0.6,0.6,0.1,0.6,1.1,7.3,JJ Moore
1628536,2017-18,20,1612709911,IWA,23.0,40,8,19.0,2.2,4.8,0.455,0.0,0.2,0.0,0.7,1.0,0.675,0.6,2.4,3.0,1.4,0.4,0.5,0.6,1.2,5.0,Marquise Moore
1628456,2017-18,20,1612709926,MHU,23.0,32,23,24.9,2.9,7.1,0.408,1.5,4.6,0.318,0.6,0.7,0.818,0.6,3.0,3.7,2.0,1.1,0.6,0.8,2.3,7.8,Jeremy Morgan
1628734,2017-18,20,1612709889,OKL,24.0,33,3,16.7,2.4,4.4,0.545,0.1,0.5,0.167,0.9,1.3,0.659,1.9,2.2,4.1,0.8,0.5,0.9,0.9,1.9,5.8,Yannis Morin
202721,2017-18,20,1612709908,RGV,27.0,3,2,26.3,7.0,13.0,0.538,2.0,4.0,0.5,3.0,3.7,0.818,0.7,4.0,4.7,7.3,0.3,0.0,3.3,1.0,19.0,Darius Morris
1628630,2017-18,20,1612709917,GRD,25.0,50,39,24.9,4.7,11.4,0.411,1.8,4.6,0.392,1.6,1.9,0.813,0.3,2.5,2.8,2.0,0.8,0.0,1.7,1.7,12.7,Jamel Morris
1628420,2017-18,20,1612709908,RGV,23.0,37,35,34.8,6.8,14.4,0.473,1.7,4.9,0.344,2.7,3.2,0.849,1.1,3.4,4.5,6.7,1.8,0.1,1.9,1.7,18.0,Monte Morris
1628405,2017-18,20,1612709918,TEX,23.0,34,34,32.5,8.9,15.7,0.566,0.4,1.5,0.28,3.9,5.6,0.698,3.1,6.5,9.6,2.1,1.0,1.1,2.4,3.4,22.2,Johnathan Motley
1628606,2017-18,20,1612709920,RAP,23.0,9,0,11.6,1.2,2.7,0.458,0.1,0.2,0.5,0.3,0.6,0.6,0.6,1.3,1.9,0.2,0.4,0.1,0.7,0.8,2.9,Roger Moute a Bidias
1628539,2017-18,20,1612709923,WCB,24.0,48,31,30.9,3.4,8.2,0.418,1.6,5.0,0.328,0.8,1.2,0.684,0.6,3.9,4.5,1.6,1.1,0.2,0.7,1.5,9.3,Mychal Mulder
201957,2017-18,20,1612709925,LAK,29.0,11,10,30.2,7.6,15.1,0.506,2.1,5.1,0.411,2.3,3.2,0.714,2.0,9.0,11.0,2.7,0.9,1.8,2.1,2.5,19.6,Byron Mullens
204098,2017-18,20,1612709927,WIS,26.0,34,33,36.8,8.9,17.4,0.508,2.4,5.3,0.444,4.4,5.8,0.747,0.8,4.3,5.0,5.3,1.7,0.4,3.6,1.9,24.4,Xavier Munford
203513,2014-15,20,1612709890,AUS,24.0,49,26,22.8,4.7,9.8,0.479,1.4,3.8,0.378,1.1,1.5,0.693,1.2,4.4,5.6,1.6,0.6,0.9,1.5,3.4,11.8,Erik Murphy
1628768,2017-18,20,1612709921,LIN,24.0,50,48,31.4,4.1,9.4,0.431,0.6,2.3,0.281,1.5,2.2,0.706,1.4,6.0,7.4,1.9,1.0,0.9,1.8,3.0,10.3,Kamari Murphy
1628613,2017-18,20,1612709914,RNO,27.0,1,0,2.0,0.0,1.0,0.0,0.0,0.0,0.0,0.0,0.0,0.0,0.0,0.0,0.0,0.0,0.0,0.0,0.0,0.0,0.0,Tyree Murray
1628870,2017-18,20,1612709915,MNE,23.0,7,0,8.1,1.3,3.0,0.429,0.3,0.7,0.4,0.0,0.0,0.0,0.9,0.9,1.7,0.0,0.1,0.1,0.4,1.1,2.9,Lamond Murray Jr.
1627777,2017-18,20,0,TOT,25.0,41,41,33.9,7.9,13.8,0.57,2.2,4.8,0.457,1.8,2.1,0.871,1.2,5.5,6.7,4.3,1.1,0.3,3.1,3.2,19.7,Georges Niang
1628604,2017-18,20,1612709926,MHU,23.0,38,22,22.8,4.7,9.0,0.525,0.5,1.2,0.4,0.9,1.3,0.688,1.7,4.4,6.1,0.4,0.4,1.8,1.1,1.7,10.8,Austin Nichols
1628477,2017-18,20,1612709917,GRD,24.0,49,49,32.6,5.6,9.7,0.579,0.0,0.0,0.0,3.6,4.8,0.744,4.4,7.1,11.5,2.1,0.7,2.1,2.6,3.0,14.7,Landry Nnoko
1628095,2017-18,20,1612709904,SXF,25.0,47,31,29.7,5.0,11.9,0.423,3.1,8.4,0.366,1.4,1.7,0.829,0.5,2.8,3.3,2.3,1.0,0.2,1.9,2.0,14.6,Ike Nwamu
1627849,2017-18,20,0,TOT,24.0,32,15,19.0,3.3,5.5,0.602,0.0,0.1,0.0,1.1,1.8,0.607,2.0,3.8,5.8,1.2,0.6,1.4,2.0,2.6,7.7,Daniel Ochefu
204103,2017-18,20,1612709893,CTN,25.0,40,5,23.2,3.3,8.3,0.396,1.7,4.9,0.338,1.0,1.3,0.736,0.9,2.7,3.6,1.2,1.3,0.2,0.7,1.9,9.2,Kevin Olekaibe
1628419,2017-18,20,0,TOT,21.0,39,12,24.1,4.5,9.1,0.496,0.8,2.3,0.333,1.0,1.7,0.559,1.5,5.6,7.1,1.2,0.7,0.9,1.4,2.4,10.7,Cameron Oliver
1627352,2017-18,20,1612709925,LAK,26.0,47,10,12.5,0.6,1.5,0.435,0.0,0.0,0.0,0.3,0.9,0.372,1.1,2.2,3.3,0.4,0.4,0.4,0.6,2.0,1.6,Reggis Onwukamuche
1628697,2017-18,20,0,TOT,23.0,20,5,15.5,0.8,2.4,0.319,0.1,0.4,0.125,0.4,0.6,0.727,0.4,1.3,1.7,3.1,0.4,0.2,1.3,1.9,2.0,Michael Orris
1628473,2017-18,20,1612709921,LIN,26.0,12,1,15.7,2.9,6.8,0.427,0.5,2.8,0.176,1.1,1.4,0.765,0.7,1.3,2.0,0.4,0.6,0.3,1.1,1.5,7.4,Yakuba Ouattara
1627779,2017-18,20,1612709922,GBO,24.0,46,39,32.6,5.2,12.3,0.427,2.5,6.8,0.374,2.2,2.6,0.847,0.5,2.5,3.0,4.5,1.4,0.3,2.5,2.0,15.2,Marcus Paige
204215,2017-18,20,1612709904,SXF,26.0,13,5,20.5,3.1,6.2,0.494,0.6,1.6,0.381,1.6,1.9,0.84,0.8,1.6,2.5,2.2,0.5,0.2,1.7,1.8,8.4,Bubu Palo
202951,2017-18,20,1612709902,SCW,32.0,12,11,34.7,6.4,14.4,0.445,1.9,4.9,0.39,1.3,1.9,0.696,0.3,2.3,2.6,10.4,0.8,0.3,3.5,2.5,16.1,Jeremy Pargo
1627780,2017-18,20,0,TOT,25.0,20,5,29.2,7.0,14.8,0.47,1.0,3.9,0.244,2.6,3.6,0.718,1.5,4.9,6.3,4.7,2.0,0.6,3.4,3.1,17.4,Gary Payton II
1628433,2017-18,20,1612709915,MNE,22.0,46,28,31.3,4.2,9.9,0.426,1.2,4.1,0.287,2.3,3.0,0.794,0.5,2.6,3.2,3.5,0.9,0.5,2.4,2.7,12.0,L.J. Peak
1628506,2017-18,20,1612709893,CTN,23.0,35,35,36.5,4.0,10.5,0.378,1.6,5.1,0.307,2.3,2.8,0.835,0.4,3.0,3.4,7.8,1.2,0.0,2.9,2.7,11.8,London Perrantes
1628409,2017-18,20,1612709900,NAS,23.0,35,35,34.0,6.1,13.1,0.466,3.7,9.0,0.411,1.6,1.9,0.851,1.7,5.5,7.2,1.9,0.6,0.3,1.2,2.9,17.6,Alec Peters
1628517,2017-18,20,1612709922,GBO,22.0,50,29,22.0,2.4,6.2,0.386,1.3,3.8,0.351,0.3,0.4,0.895,0.5,4.1,4.6,1.4,0.8,0.7,1.0,2.3,6.4,Luke Petrasek
204181,2017-18,20,1612709925,LAK,25.0,43,7,20.9,3.0,6.3,0.478,0.3,1.3,0.263,1.8,2.2,0.84,1.5,2.6,4.0,1.2,1.3,0.4,1.3,2.4,8.2,John Petrucelli
1627850,2017-18,20,0,TOT,25.0,40,29,26.9,3.6,6.4,0.565,0.0,0.1,0.0,2.5,3.6,0.681,3.2,4.8,8.0,1.6,0.5,1.0,2.1,1.8,9.7,Marshall Plumlee
1628120,2017-18,20,1612709925,LAK,25.0,49,31,28.0,3.4,8.8,0.388,1.4,4.2,0.345,0.8,0.9,0.884,0.4,1.9,2.3,2.2,1.4,0.4,1.3,3.3,9.0,TJ Price
204192,2017-18,20,1612709913,ERI,28.0,46,36,28.8,6.0,13.2,0.455,2.1,6.2,0.338,2.3,2.9,0.789,1.5,6.7,8.2,1.8,1.2,2.3,2.5,2.6,16.3,Raphiael Putney
1626180,2017-18,20,0,TOT,24.0,23,1,19.2,2.7,7.2,0.38,0.8,3.0,0.275,2.0,3.1,0.634,1.3,3.3,4.6,1.1,0.7,0.4,1.1,1.2,8.3,Michael Qualls
203684,2017-18,20,0,TOT,26.0,37,1,13.4,1.3,3.4,0.395,0.2,0.9,0.212,0.6,0.8,0.742,0.3,0.8,1.1,2.1,0.4,0.0,0.8,0.9,3.5,Kyle Randall
1628504,2017-18,20,1612709919,WES,24.0,43,41,35.5,6.4,14.8,0.43,1.6,4.7,0.338,2.4,3.9,0.613,0.9,5.5,6.4,7.2,1.9,0.3,3.1,2.6,16.7,Xavier Rathan-Mayes
1627932,2017-18,20,1612709908,RGV,24.0,33,2,14.0,2.1,4.7,0.442,1.6,3.9,0.403,0.5,0.5,0.833,0.2,1.2,1.4,0.5,0.4,0.0,0.4,1.3,6.2,Shane Richards
1628542,2017-18,20,1612709924,ACC,23.0,45,16,21.4,4.0,7.4,0.531,0.0,0.1,0.333,2.2,3.1,0.732,2.9,4.1,7.0,0.8,0.6,0.5,1.1,1.8,10.2,Tyler Roberson
1628421,2017-18,20,0,TOT,23.0,44,8,26.3,4.7,9.4,0.501,1.3,3.5,0.381,2.2,2.8,0.795,1.0,4.1,5.2,1.6,0.8,0.8,1.8,2.4,13.0,Devin Robinson
1628615,2017-18,20,1612709903,SLC,24.0,17,0,10.2,0.8,2.0,0.412,0.4,1.1,0.389,0.4,0.4,0.857,0.2,0.8,1.0,2.2,0.5,0.0,0.9,0.6,2.4,L.J. Rose
1628777,2017-18,20,1612709925,LAK,21.0,37,2,13.3,1.8,4.8,0.376,1.1,3.0,0.348,0.6,0.9,0.727,0.4,1.5,1.8,0.6,0.5,0.2,0.9,1.2,5.3,Maverick Rowan
203960,2017-18,20,1612709914,RNO,25.0,35,33,28.7,7.2,14.2,0.508,0.4,1.3,0.289,3.1,4.0,0.77,1.1,6.0,7.1,0.9,1.1,0.9,1.7,2.5,17.9,JaKarr Sampson
1628565,2017-18,20,1612709920,RAP,24.0,31,12,14.6,1.3,3.9,0.325,0.2,0.9,0.179,0.7,1.0,0.71,0.4,1.3,1.7,2.0,0.5,0.3,1.1,1.0,3.4,Kethan Savage
1626263,2017-18,20,1612709921,LIN,25.0,49,41,28.3,2.8,6.8,0.413,1.1,3.2,0.335,1.2,1.4,0.817,1.0,3.1,4.1,4.9,2.3,0.1,2.0,2.2,7.9,Shannon Scott
1628496,2017-18,20,1612709921,LIN,23.0,48,7,26.0,4.8,11.5,0.421,2.4,6.8,0.356,2.4,2.9,0.826,0.3,2.4,2.7,2.6,1.0,0.3,1.6,1.5,14.5,Jeremy Senglin
201203,2017-18,20,1612709889,OKL,33.0,13,0,14.5,1.2,4.1,0.302,0.2,1.1,0.143,0.5,0.9,0.5,0.6,1.0,1.6,1.5,0.9,0.2,1.2,1.2,3.1,Mustafa Shakur
1628686,2017-18,20,1612709902,SCW,24.0,19,6,23.6,3.6,7.9,0.46,0.4,1.1,0.333,1.8,3.2,0.574,1.3,4.7,6.0,2.6,1.2,0.2,1.6,1.1,9.5,Winston Shepard
1628424,2017-18,20,1612709926,MHU,20.0,26,26,30.9,5.3,12.3,0.436,1.2,3.2,0.361,3.3,4.3,0.766,0.8,2.0,2.7,4.0,1.0,0.2,2.6,2.8,15.1,Kobi Simmons
204136,2017-18,20,1612709917,GRD,30.0,25,16,19.2,1.6,3.8,0.417,0.5,1.1,0.444,1.1,1.4,0.75,0.6,1.6,2.2,0.6,0.7,0.2,0.7,2.5,4.8,Marcus Simmons
1627958,2017-18,20,1612709889,OKL,26.0,30,3,8.3,0.8,2.9,0.287,0.6,2.2,0.273,0.4,0.6,0.765,0.1,0.9,1.0,0.4,0.4,0.1,0.4,0.7,2.7,Amjyot Singh
1627589,2017-18,20,1612709917,GRD,25.0,49,24,28.4,2.8,6.8,0.407,0.7,2.6,0.273,1.8,2.4,0.759,0.7,3.3,4.0,7.9,1.6,0.1,2.7,2.0,8.0,Kenneth Smith
203964,2017-18,20,0,TOT,27.0,35,6,19.9,4.4,9.1,0.489,0.3,1.5,0.235,2.7,3.4,0.79,1.5,3.1,4.6,0.7,0.6,0.6,1.2,1.6,11.9,Roscoe Smith
1628871,2017-18,20,1612709893,CTN,23.0,8,7,34.6,5.1,9.9,0.519,2.9,5.5,0.523,1.1,1.9,0.6,0.6,3.6,4.3,8.1,1.6,0.5,2.3,3.0,14.3,Scoochie Smith
203480,2017-18,20,0,TOT,28.0,48,20,28.1,4.4,9.3,0.471,1.8,4.6,0.392,0.6,0.8,0.744,0.9,4.6,5.5,1.6,0.5,0.8,1.1,2.4,11.2,James Southerland
1628647,2017-18,20,0,TOT,23.0,24,1,14.9,2.1,3.8,0.556,0.0,0.0,0.0,0.5,1.2,0.464,2.3,2.0,4.3,0.5,0.5,0.8,0.8,0.9,4.7,Skylar Spencer
1628596,2017-18,20,0,TOT,24.0,28,10,17.5,2.2,6.0,0.369,1.4,4.2,0.331,0.4,0.8,0.524,0.3,1.5,1.9,0.9,0.5,0.1,0.7,1.4,6.2,Akeem Springs
1627316,2017-18,20,1612709924,ACC,29.0,46,3,16.2,1.5,4.1,0.365,0.9,2.8,0.31,0.5,0.6,0.846,0.2,2.2,2.4,1.3,0.4,0.3,1.3,2.5,4.3,Keith Steffeck
1627754,2017-18,20,0,TOT,21.0,31,13,24.3,5.9,12.5,0.473,0.4,1.4,0.25,3.7,5.0,0.753,2.5,3.9,6.4,1.1,0.5,0.8,2.3,2.5,16.0,Diamond Stone
1628548,2017-18,20,1612709900,NAS,23.0,43,18,12.9,1.9,3.6,0.519,0.0,0.0,0.0,1.4,1.8,0.769,1.3,1.1,2.4,0.5,0.2,0.3,0.8,1.8,5.1,Eric Stuteville
1627299,2017-18,20,1612709927,WIS,25.0,49,30,25.3,2.5,6.3,0.389,0.4,1.9,0.234,1.1,1.4,0.757,0.5,2.3,2.9,2.9,0.9,0.2,1.5,2.8,6.5,Jarvis Summers
1628410,2017-18,20,1612709910,FWN,22.0,14,7,17.0,2.6,6.5,0.396,0.4,1.6,0.227,1.7,2.6,0.667,0.5,1.8,2.3,2.4,1.1,0.4,1.7,1.6,7.2,Edmond Sumner
1628591,2017-18,20,1612709913,ERI,24.0,49,29,23.9,2.8,6.0,0.469,0.5,1.7,0.296,1.9,2.6,0.729,0.9,2.4,3.3,2.0,1.4,0.8,1.8,2.8,8.0,Craig Sword
1628754,2017-18,20,1612709904,SXF,22.0,29,8,19.9,2.6,3.9,0.661,0.0,0.0,0.0,1.9,2.9,0.651,1.6,3.9,5.5,0.9,0.5,1.7,0.9,2.8,7.0,Jimmie Taylor
1628577,2017-18,20,1612709889,OKL,23.0,46,35,28.8,5.2,11.3,0.458,0.8,3.4,0.248,2.7,4.1,0.668,1.7,5.6,7.3,2.7,1.5,0.8,2.6,3.2,13.9,Rashawn Thomas
1627981,2017-18,20,1612709926,MHU,26.0,37,1,16.6,2.6,5.6,0.471,0.3,0.9,0.344,1.1,1.4,0.736,0.9,2.6,3.5,0.5,0.4,0.5,0.7,0.9,6.6,Shaquille Thomas
1626280,2017-18,20,1612709922,GBO,25.0,43,27,27.4,3.7,8.5,0.436,0.9,3.1,0.278,1.3,1.6,0.797,1.1,2.9,4.0,1.4,1.0,0.4,1.1,2.7,9.5,Sam Thompson
1628123,2017-18,20,1612709920,RAP,25.0,41,5,20.3,4.4,7.2,0.616,0.0,0.0,0.0,1.6,2.2,0.744,3.0,4.6,7.6,0.6,0.6,1.0,1.5,2.5,10.5,Shevon Thompson
1628545,2017-18,20,1612709902,SCW,24.0,38,2,11.7,1.8,3.4,0.523,0.1,0.2,0.444,1.3,1.8,0.75,1.1,2.9,4.1,0.6,0.4,0.6,0.9,2.4,5.0,Trevor Thompson
1626194,2017-18,20,1612709893,CTN,25.0,49,43,36.0,6.8,16.3,0.416,3.4,8.8,0.388,1.8,2.3,0.774,0.2,2.7,2.9,3.4,0.7,0.1,2.2,1.9,18.8,Marcus Thornton
1628453,2017-18,20,1612709911,IWA,23.0,48,48,33.4,5.7,13.0,0.438,1.5,4.4,0.348,3.2,3.6,0.874,0.4,3.1,3.5,5.4,1.0,0.2,3.1,2.2,16.1,Melo Trimble
1628714,2017-18,20,1612709919,WES,23.0,23,0,7.7,0.7,1.6,0.459,0.3,0.6,0.538,0.2,0.3,0.833,0.3,0.6,0.9,0.2,0.2,0.1,0.4,0.7,2.0,Buay Tuach
201872,2017-18,20,1612709926,MHU,32.0,10,0,16.4,0.8,2.1,0.381,0.0,0.4,0.0,0.6,1.0,0.6,1.8,3.1,4.9,2.5,0.7,0.5,0.7,1.0,2.2,Mark Tyndale
1627784,2017-18,20,1612709910,FWN,25.0,50,44,32.6,6.3,13.7,0.461,1.8,4.8,0.381,2.0,2.4,0.82,2.2,6.3,8.4,2.5,1.0,1.2,1.4,2.0,16.5,Jarrod Uthoff
1628670,2017-18,20,1612709908,RGV,23.0,19,5,12.1,1.1,3.2,0.35,0.6,1.6,0.355,0.7,1.1,0.619,0.5,1.9,2.4,0.7,0.4,0.4,0.8,2.1,3.5,Craig Victor
1627372,2017-18,20,1612709918,TEX,24.0,27,0,8.3,0.8,1.3,0.6,0.0,0.0,0.0,0.5,0.7,0.684,0.8,1.0,1.8,0.1,0.2,0.5,0.3,1.2,2.0,Anthony Walker
1626217,2017-18,20,1612709908,RGV,23.0,48,0,16.9,4.0,6.6,0.614,0.0,0.2,0.111,2.0,3.3,0.605,2.3,3.4,5.7,1.0,0.4,1.0,1.4,1.8,10.1,Chris Walker
204090,2016-17,20,0,TOT,24.0,48,17,26.6,4.1,8.9,0.465,2.1,5.1,0.404,1.6,1.8,0.929,0.4,2.3,2.8,1.3,0.8,0.2,1.3,2.2,12.0,Devondrick Walker
1627820,2017-18,20,1612709924,ACC,24.0,26,25,33.2,9.1,17.8,0.51,0.6,2.3,0.25,3.8,5.7,0.671,1.5,4.9,6.3,5.5,1.5,0.9,3.7,2.6,22.6,Tyrone Wallace
1628476,2017-18,20,1612709904,SXF,23.0,27,27,32.4,5.5,12.4,0.442,2.1,5.6,0.377,3.1,3.4,0.902,0.6,3.4,4.0,7.1,1.5,0.2,3.0,1.3,16.1,Derrick Walton Jr.
1627226,2017-18,20,1612709923,WCB,25.0,38,1,19.2,2.2,5.2,0.417,1.1,3.0,0.351,0.8,0.9,0.829,0.4,3.2,3.6,0.5,0.8,0.6,0.7,1.4,6.2,Karrington Ward
1627866,2017-18,20,1612709918,TEX,24.0,42,35,35.2,8.7,16.4,0.528,0.5,1.8,0.286,2.0,3.1,0.654,3.5,6.1,9.6,3.0,1.2,1.2,1.9,2.9,19.9,Jameel Warney
1627395,2017-18,20,1612709890,AUS,26.0,50,16,24.2,1.9,4.5,0.43,1.0,2.6,0.374,0.2,0.2,0.833,0.7,2.5,3.2,1.4,1.1,0.4,0.7,1.3,5.0,Julian Washburn
1628607,2017-18,20,1612709920,RAP,25.0,26,5,5.2,0.7,1.6,0.415,0.0,0.0,0.0,0.5,0.7,0.722,0.5,0.7,1.2,0.2,0.1,0.4,0.4,1.2,1.8,Andre Washington
1628230,2017-18,20,1612709911,IWA,25.0,43,2,22.9,2.4,6.0,0.398,0.7,2.3,0.293,1.2,1.4,0.806,0.3,1.8,2.1,2.0,1.0,0.5,0.8,1.7,6.6,Wes Washpun
1628778,2017-18,20,1612709919,WES,23.0,45,23,26.7,2.3,5.4,0.427,1.1,2.9,0.369,0.6,1.1,0.531,0.6,2.8,3.4,1.0,0.8,0.5,1.1,2.5,6.2,Paul Watson
1627821,2017-18,20,0,TOT,24.0,40,24,28.7,4.1,9.9,0.413,2.6,6.9,0.371,2.1,2.7,0.785,1.1,5.5,6.6,1.4,1.2,0.5,1.3,2.7,12.9,James Webb III
1628017,2017-18,20,1612709920,RAP,25.0,19,3,13.2,1.4,3.3,0.413,1.2,2.9,0.418,0.1,0.1,0.5,0.2,2.2,2.3,0.6,0.3,0.1,0.8,0.5,4.0,Negus Webster-Chan
1628510,2017-18,20,0,TOT,25.0,38,24,31.4,5.7,12.6,0.45,2.6,6.5,0.403,2.0,2.5,0.819,0.6,4.0,4.6,1.2,0.6,0.3,1.4,2.0,16.0,Andrew White III
1628859,2017-18,20,1612709919,WES,23.0,17,3,21.4,2.5,6.1,0.408,0.4,1.7,0.207,2.2,3.1,0.712,0.4,2.9,3.3,2.6,0.5,0.1,1.8,1.5,7.5,Sekou Wiggs
203912,2017-18,20,1612709902,SCW,27.0,12,6,19.3,3.4,7.6,0.451,2.0,5.3,0.381,0.7,0.8,0.889,0.2,1.6,1.8,0.7,0.8,0.1,0.9,1.3,9.5,CJ Wilcox
2863,2017-18,20,1612709922,GBO,38.0,15,15,33.4,7.5,15.3,0.491,2.1,4.9,0.432,6.3,6.9,0.904,0.9,5.4,6.3,4.9,1.0,0.6,3.1,2.1,23.5,Damien Wilkins
1626993,2017-18,20,1612709927,WIS,25.0,38,1,14.0,1.3,3.6,0.378,0.1,0.6,0.083,0.6,1.0,0.632,0.6,2.2,2.8,0.7,0.6,0.1,0.7,0.7,3.4,Brian Williams
1628241,2017-18,20,1612709915,MNE,24.0,45,29,26.3,4.8,9.1,0.523,0.2,0.7,0.29,2.0,3.1,0.65,3.7,7.2,10.9,1.8,0.7,0.5,2.0,2.8,11.8,Devin Williams
1628580,2017-18,20,1612709893,CTN,24.0,50,40,30.5,6.5,11.8,0.546,0.1,0.3,0.267,2.6,4.2,0.614,1.6,5.9,7.6,1.6,0.9,0.6,2.6,2.4,15.6,JaCorey Williams
204128,2017-18,20,1612709911,IWA,28.0,8,2,21.3,2.4,5.5,0.432,0.8,1.8,0.429,0.8,0.9,0.857,0.8,1.6,2.4,1.0,0.5,0.0,0.9,2.3,6.3,Jarvis Williams
200766,2017-18,20,1612709914,RNO,32.0,49,44,26.6,4.0,10.8,0.374,1.8,4.8,0.371,0.9,1.1,0.768,0.4,2.5,2.9,6.9,0.9,0.1,2.2,1.2,10.8,Marcus Williams
1627999,2017-18,20,0,TOT,25.0,23,0,11.9,1.2,3.0,0.4,0.4,1.5,0.286,0.3,0.4,0.667,0.1,1.0,1.1,0.9,0.6,0.2,0.8,0.7,3.1,Prince Williams
200761,2017-18,20,1612709911,IWA,32.0,38,9,23.3,3.0,7.0,0.429,1.4,3.9,0.367,1.1,1.4,0.764,0.8,3.1,3.9,0.7,0.8,0.6,0.7,2.3,8.5,Shawne Williams
1628494,2017-18,20,1612709922,GBO,23.0,37,10,19.2,3.4,8.4,0.4,0.3,1.5,0.211,1.7,2.5,0.681,0.8,1.7,2.5,2.8,0.9,0.0,1.6,1.7,8.8,T.J. Williams
1628689,2017-18,20,1612709913,ERI,25.0,40,0,10.4,1.0,2.8,0.364,0.1,0.6,0.217,0.4,0.6,0.68,0.7,1.5,2.2,0.6,0.6,0.5,0.8,1.6,2.6,Tommy Williams
1628475,2017-18,20,1612709904,SXF,24.0,43,18,25.7,3.5,9.1,0.387,2.9,7.4,0.389,0.3,0.3,0.786,0.5,2.2,2.7,0.9,0.4,0.1,1.3,2.0,10.2,Matt Williams Jr.
1628491,2017-18,20,1612709917,GRD,23.0,43,38,28.1,4.6,9.8,0.467,1.8,4.7,0.374,0.9,1.1,0.816,1.4,5.5,6.9,0.8,1.0,0.7,1.2,2.1,11.8,Derek Willis
203966,2017-18,20,0,TOT,27.0,26,10,28.9,4.2,9.5,0.445,1.7,4.8,0.36,1.3,2.1,0.648,0.7,3.6,4.2,2.8,0.8,0.5,1.8,2.9,11.5,Jamil Wilson
1628549,2017-18,20,1612709921,LIN,24.0,43,2,17.2,2.4,6.6,0.358,0.9,3.0,0.307,2.4,3.0,0.808,1.0,2.6,3.6,0.7,0.8,0.3,1.5,1.9,8.1,Thomas Wimbush
1628658,2017-18,20,1612709923,WCB,29.0,43,12,23.3,4.3,9.6,0.447,1.1,2.9,0.376,1.3,1.4,0.932,0.6,1.7,2.3,2.9,0.9,0.1,1.4,1.8,11.0,Brandon Wood
1626174,2017-18,20,1612709909,DEL,22.0,45,42,33.1,8.2,15.1,0.543,1.2,3.6,0.319,5.7,7.2,0.796,2.7,7.6,10.3,2.3,1.2,1.7,3.1,2.6,23.3,Christian Wood
1627967,2017-18,20,0,TOT,24.0,45,11,16.2,1.9,3.8,0.491,0.0,0.0,0.0,1.7,2.2,0.76,2.1,3.5,5.6,1.0,0.4,0.3,0.9,2.1,5.5,Adam Woodbury
1628547,2017-18,20,1612709925,LAK,23.0,34,0,9.5,1.4,3.4,0.417,0.3,1.0,0.273,0.6,1.0,0.588,0.4,0.9,1.2,0.9,0.6,0.1,0.4,0.8,3.7,Jay Wright
1628729,2017-18,20,0,TOT,23.0,2,0,6.5,0.5,3.0,0.167,0.0,1.5,0.0,1.0,2.0,0.5,0.0,2.0,2.0,0.5,1.0,0.0,0.0,0.0,2.0,Kendal Yancy
203923,2017-18,20,0,TOT,22.0,39,38,33.2,6.5,15.4,0.423,3.1,8.7,0.351,4.7,5.7,0.813,0.8,4.3,5.2,2.7,1.5,0.4,2.1,1.9,20.7,James Young
1627290,2017-18,20,1612709902,SCW,28.0,4,1,25.5,5.3,7.8,0.677,0.5,0.8,0.667,0.5,1.3,0.4,3.0,5.8,8.8,2.5,1.8,1.5,2.0,3.0,11.5,Kevin Young
1628454,2017-18,20,0,TOT,23.0,49,19,24.1,4.6,9.9,0.465,0.8,3.0,0.279,2.1,2.8,0.772,1.3,3.9,5.2,1.9,0.4,0.4,1.6,1.3,12.2,Mike Young
1628704,2017-18,20,1612709902,SCW,24.0,28,0,9.2,0.8,2.3,0.359,0.1,0.4,0.182,0.5,0.8,0.565,0.4,1.4,1.9,0.4,0.3,0.1,0.7,1.2,2.2,Najeal Young
1627757,2017-18,20,1612709905,SBL,21.0,25,0,15.7,2.5,4.4,0.569,0.0,0.1,0.0,1.6,2.5,0.619,1.8,3.1,4.8,1.0,0.6,1.0,1.5,1.8,6.5,Stephen Zimmerman
1628437,2017-18,20,1612709908,RGV,22.0,10,0,4.7,0.4,0.7,0.571,0.3,0.4,0.75,0.3,0.4,0.75,0.1,0.0,0.1,0.5,0.0,0.0,1.1,0.5,1.4,George de Paula
