,PLAYER_ID,PLAYER_NAME,TEAM_ID,TEAM_ABBREVIATION,AGE,GP,W,L,W_PCT,MIN,FGM,FGA,FG_PCT,FG3M,FG3A,FG3_PCT,FTM,FTA,FT_PCT,OREB,DREB,REB,AST,TOV,STL,BLK,BLKA,PF,PFD,PTS,PLUS_MINUS,NBA_FANTASY_PTS,DD2,TD3,GP_RANK,W_RANK,L_RANK,W_PCT_RANK,MIN_RANK,FGM_RANK,FGA_RANK,FG_PCT_RANK,FG3M_RANK,FG3A_RANK,FG3_PCT_RANK,FTM_RANK,FTA_RANK,FT_PCT_RANK,OREB_RANK,DREB_RANK,REB_RANK,AST_RANK,TOV_RANK,STL_RANK,BLK_RANK,BLKA_RANK,PF_RANK,PFD_RANK,PTS_RANK,PLUS_MINUS_RANK,NBA_FANTASY_PTS_RANK,DD2_RANK,TD3_RANK,CFID,CFPARAMS
0,1962936183,,,,,1,0,1,0.0,4.7,0.0,0.0,0.0,0.0,0.0,0.0,0.0,0.0,0.0,1.0,0.0,1.0,1.0,1.0,0.0,0.0,0.0,0.0,0.0,0.0,-11.0,1.7,0,0,271,267,261,267,275,272,278,272,185,227,185,269,272,269,144,275,259,177,198,259,235,258,276,276,276,275,274,140,12,5,"1962936183,"
1,201854,,,,,14,6,8,0.429,14.2,1.2,4.5,0.27,0.4,1.5,0.238,0.8,1.4,0.579,0.4,1.2,1.6,2.0,1.0,0.5,0.0,0.6,0.9,1.0,3.6,-1.0,9.0,0,0,193,195,169,177,222,243,211,259,125,118,152,216,209,229,237,227,235,92,198,177,235,73,260,214,238,163,232,140,12,5,"201854,"
2,201268,,,,,21,14,7,0.667,30.1,3.4,7.1,0.473,2.1,4.0,0.524,2.5,3.0,0.841,0.2,2.5,2.7,4.4,2.0,1.4,0.0,0.2,0.7,2.1,11.4,4.3,23.3,0,0,152,121,183,40,94,147,159,120,11,34,6,90,107,45,262,157,192,28,97,37,235,203,264,130,107,19,118,140,12,5,"201268,"
3,1962936181,,,,,2,2,0,1.0,3.0,0.0,0.5,0.0,0.0,0.5,0.0,0.0,0.0,0.0,0.0,0.5,0.5,0.0,0.0,0.0,0.0,0.0,0.0,0.0,0.0,-1.0,0.6,0,0,259,235,270,1,278,272,276,272,185,163,185,269,272,269,269,266,271,271,272,259,235,258,276,276,276,163,277,140,12,5,"1962936181,"
4,200963,,,,,2,0,2,0.0,19.6,3.0,8.0,0.375,0.0,1.0,0.0,2.5,2.5,1.0,0.5,2.0,2.5,1.5,3.0,0.0,0.0,0.0,0.5,1.5,8.5,-7.0,10.8,0,0,259,267,242,267,184,164,135,232,185,137,185,92,138,1,212,186,196,128,24,259,235,258,270,178,159,266,220,140,12,5,"200963,"
5,1962936184,,,,,1,0,1,0.0,11.8,0.0,3.0,0.0,0.0,0.0,0.0,1.0,2.0,0.5,1.0,0.0,1.0,0.0,0.0,0.0,0.0,0.0,1.0,1.0,1.0,-15.0,2.2,0,0,271,267,261,267,247,272,245,272,185,227,185,194,163,243,144,275,259,271,272,259,235,258,256,214,271,278,272,140,12,5,"1962936184,"
6,2445,,,,,1,1,0,1.0,33.1,5.0,15.0,0.333,0.0,2.0,0.0,1.0,2.0,0.5,1.0,1.0,2.0,3.0,1.0,0.0,0.0,3.0,2.0,3.0,11.0,16.0,16.9,0,0,271,247,270,1,60,87,18,247,185,95,185,194,163,243,144,239,217,56,198,259,235,1,174,76,116,1,165,140,12,5,"2445,"
7,1962936217,,,,,1,1,0,1.0,13.8,2.0,5.0,0.4,1.0,2.0,0.5,1.0,2.0,0.5,0.0,3.0,3.0,1.0,3.0,0.0,2.0,0.0,2.0,0.0,6.0,13.0,14.1,0,0,271,247,270,1,228,209,198,216,70,95,7,194,163,243,269,124,178,177,24,259,12,258,174,276,201,2,194,140,12,5,"1962936217,"
8,201019,,,,,17,9,8,0.529,20.2,2.3,5.8,0.394,1.2,3.5,0.356,1.3,1.5,0.88,0.1,1.1,1.2,3.6,1.6,0.6,0.1,0.1,1.8,0.9,7.1,2.6,14.4,0,0,174,166,169,120,179,197,182,227,53,53,78,174,203,22,267,234,254,48,139,156,218,246,199,232,180,41,188,140,12,5,"201019,"
9,1962936180,,,,,1,1,0,1.0,12.8,1.0,5.0,0.2,0.0,0.0,0.0,0.0,2.0,0.0,1.0,0.0,1.0,0.0,3.0,0.0,2.0,0.0,4.0,1.0,2.0,-3.0,6.2,0,0,271,247,270,1,241,248,198,264,185,227,185,269,163,269,144,275,259,271,24,259,12,258,9,214,255,225,251,140,12,5,"1962936180,"
10,201794,Adam Liberty,1612709889,TUL,25.0,16,5,11,0.313,11.7,1.0,3.2,0.314,0.0,0.3,0.0,0.6,1.2,0.474,0.2,1.0,1.2,1.8,1.1,0.5,0.1,0.1,1.8,0.9,2.6,-2.0,7.3,0,0,180,205,147,236,248,248,241,255,185,187,185,231,220,251,263,239,253,109,187,177,216,241,196,229,250,196,243,140,12,5,"201794,1612709889"
11,201169,Alando Tucker,1612709911,IOW,25.0,2,2,0,1.0,31.2,3.0,8.5,0.353,0.5,1.5,0.333,1.5,1.5,1.0,0.5,4.0,4.5,3.0,1.0,0.5,0.0,0.0,1.5,1.0,8.0,1.5,18.4,0,0,259,235,270,1,85,164,126,244,108,118,88,156,199,1,212,73,110,56,198,177,235,258,219,214,168,69,153,140,12,5,"201169,1612709911"
12,101165,Alex Acker,1612709910,FWN,26.0,4,1,3,0.25,36.7,7.0,15.8,0.444,1.3,4.3,0.294,2.8,3.0,0.917,1.3,4.0,5.3,2.8,2.8,1.3,0.3,0.0,3.8,1.8,18.0,-2.3,30.2,0,0,248,247,231,252,33,28,12,159,51,30,128,79,107,15,115,73,91,66,40,52,153,258,20,155,35,208,58,140,12,5,"101165,1612709910"
13,201582,Alexis Ajinca,1612709904,SIF,21.0,11,5,6,0.455,22.7,4.4,9.2,0.475,0.0,0.3,0.0,3.2,4.0,0.795,2.4,4.5,6.8,0.4,2.5,0.8,1.8,0.3,3.7,3.4,11.9,1.1,26.0,3,0,211,205,200,168,153,108,116,114,185,185,185,60,63,89,45,53,52,249,57,120,17,190,22,58,103,83,99,63,12,5,"201582,1612709904"
14,2837,Alpha Bangura,1612709900,BAK,29.0,35,13,22,0.371,27.8,5.7,13.1,0.439,0.3,1.3,0.217,4.6,5.9,0.79,1.5,2.9,4.4,1.5,2.4,1.3,0.2,1.0,2.4,3.5,16.4,-5.3,26.2,2,0,103,127,56,216,118,66,50,169,136,125,158,18,23,96,94,131,114,133,64,40,162,15,143,54,52,258,96,81,12,5,"2837,1612709900"
15,2228,Alton Ford,1612709914,REN,28.0,36,17,19,0.472,27.6,3.3,7.3,0.445,0.1,0.4,0.125,3.0,4.0,0.757,1.6,5.3,6.9,1.2,2.1,0.5,0.4,0.2,4.0,2.9,9.6,-3.2,20.5,3,0,96,93,69,161,119,152,157,158,175,171,181,65,63,117,88,31,47,160,92,177,118,220,9,82,142,231,140,63,12,5,"2228,1612709914"
16,2810,Andre Brown,1612709890,AUS,28.0,18,14,4,0.778,34.5,6.7,13.3,0.502,0.0,0.1,0.0,1.4,3.9,0.366,3.6,5.9,9.5,0.9,2.5,0.4,0.7,0.7,3.7,3.4,14.8,1.5,28.3,8,0,167,121,221,14,52,34,45,70,185,210,185,161,69,260,8,14,10,196,59,214,69,54,27,55,77,69,79,38,12,5,"2810,1612709890"
17,201281,Andre Ingram,1612709909,UTA,23.0,49,32,17,0.653,27.5,3.3,7.4,0.452,1.8,3.8,0.47,1.9,2.2,0.87,0.8,2.6,3.5,1.6,1.3,0.9,0.1,0.1,1.5,1.5,10.4,2.7,18.8,0,0,18,4,85,48,120,148,154,148,23,42,18,133,151,27,174,149,157,122,167,99,189,250,222,177,124,39,150,140,12,5,"201281,1612709909"
18,201001,Andre Patterson,1612709899,ANA,26.0,38,11,27,0.289,16.0,1.6,3.3,0.48,0.0,0.1,0.2,0.9,1.2,0.795,0.9,1.8,2.7,0.8,0.8,0.4,0.6,0.2,2.0,1.0,4.2,-1.8,10.8,0,0,89,146,23,245,210,225,238,104,182,200,163,208,222,89,165,201,193,205,229,201,91,210,174,214,227,185,219,140,12,5,"201001,1612709899"
19,200574,Anthony Coleman,1612709905,LAD,26.0,9,2,7,0.222,31.3,2.8,7.0,0.397,0.0,0.7,0.0,1.8,2.9,0.615,1.4,4.0,5.4,1.8,2.9,0.4,1.6,0.2,3.7,3.2,7.3,-7.9,19.6,0,0,221,235,183,257,81,176,161,220,185,153,185,141,113,216,103,73,79,113,35,202,24,206,27,67,176,270,145,140,12,5,"200574,1612709905"
20,201806,Anthony Kent,1612709910,FWN,26.0,41,15,26,0.366,17.3,1.8,3.7,0.471,0.0,0.0,0.0,0.7,1.4,0.536,1.8,2.7,4.5,0.3,0.9,0.4,0.7,0.3,2.4,1.0,4.2,-1.5,12.5,5,0,80,107,27,220,203,221,230,123,185,227,185,221,208,239,71,145,109,250,218,204,80,185,139,213,225,177,205,48,12,5,"201806,1612709910"
21,201354,Anthony Kyle,1612709910,FWN,29.0,4,2,2,0.5,17.6,0.5,3.3,0.154,0.0,0.0,0.0,0.5,0.5,1.0,0.5,1.0,1.5,2.8,2.0,0.8,0.0,0.3,1.8,0.5,1.5,-3.3,7.7,0,0,248,235,242,128,199,265,240,271,185,227,185,233,257,1,212,239,236,66,97,130,235,196,204,255,265,236,238,140,12,5,"201354,1612709910"
22,201229,Anthony Tolliver,1612709911,IOW,24.0,17,9,8,0.529,36.3,5.0,10.5,0.478,2.2,5.4,0.402,2.3,2.9,0.796,2.2,5.8,8.0,1.9,2.0,1.3,1.1,0.2,3.3,2.8,14.5,6.0,32.0,3,0,174,166,169,120,38,87,93,109,10,13,47,106,114,88,51,18,26,101,97,50,47,227,50,88,80,9,45,63,12,5,"201229,1612709911"
23,201861,Antoine Agudio,1612709893,ABQ,24.0,26,12,14,0.462,32.3,5.2,10.6,0.486,2.0,4.6,0.429,2.6,3.2,0.817,0.6,2.5,3.1,1.4,1.7,1.8,0.1,0.5,1.6,2.1,14.8,0.9,24.5,0,0,129,139,117,166,69,83,89,95,17,27,31,88,104,67,195,152,173,142,132,15,213,106,214,129,76,91,108,140,12,5,"201861,1612709893"
24,201034,Antoine Jordan,1612709889,TUL,26.0,2,0,2,0.0,17.7,2.0,4.0,0.5,0.5,1.0,0.5,0.0,0.0,0.0,0.0,0.5,0.5,2.0,1.0,0.0,0.0,0.0,2.0,1.0,4.5,-5.5,7.1,0,0,259,267,242,267,198,209,220,71,108,137,7,269,272,269,269,266,271,92,198,259,235,258,174,214,218,263,247,140,12,5,"201034,1612709889"
25,2697,Antonio Meeking,1612709893,ABQ,27.0,49,19,30,0.388,34.7,5.6,13.2,0.422,0.5,2.1,0.255,4.5,6.5,0.688,2.3,4.9,7.2,2.0,2.7,0.7,0.2,1.2,3.2,4.7,16.2,-2.4,28.0,11,0,18,75,12,203,49,69,49,188,105,94,144,26,11,173,46,43,37,91,50,139,171,6,65,14,53,211,81,21,12,5,"2697,1612709893"
26,201337,Aristide Sawadogo,1612709911,IOW,27.0,23,15,8,0.652,7.0,0.6,1.5,0.4,0.0,0.0,0.0,0.2,0.4,0.4,1.1,0.8,2.0,0.0,0.3,0.0,0.4,0.3,1.3,0.4,1.4,-2.3,5.0,0,0,138,107,169,49,268,263,272,216,185,227,185,265,262,254,135,253,222,270,267,258,121,194,238,262,268,209,264,140,12,5,"201337,1612709911"
27,201295,Ashanti Cook,1612709900,BAK,24.0,17,10,7,0.588,17.3,1.4,3.9,0.364,0.7,1.6,0.444,0.2,0.3,0.8,0.4,1.1,1.5,1.8,0.5,0.4,0.0,0.0,1.9,0.5,3.8,-0.7,9.0,0,0,174,157,183,84,202,232,226,239,94,114,23,259,269,79,238,234,242,108,254,210,235,258,186,254,234,154,230,140,12,5,"201295,1612709900"
28,201748,Ayinde Ubaka,1612709899,ANA,24.0,12,4,8,0.333,14.1,1.2,2.4,0.483,0.1,0.4,0.2,0.8,0.9,0.818,0.1,1.0,1.1,0.8,0.6,0.3,0.0,0.2,0.6,0.7,3.2,-4.3,6.1,0,0,204,216,169,225,224,245,255,99,167,175,163,218,238,65,266,239,257,201,251,222,235,230,269,243,243,250,252,140,12,5,"201748,1612709899"
29,201834,Bennet Davis,1612709909,UTA,25.0,48,30,18,0.625,18.2,2.1,5.1,0.405,0.1,0.4,0.316,2.2,2.7,0.823,1.2,2.3,3.5,1.1,1.0,0.4,1.0,0.3,2.0,1.8,6.5,0.9,15.6,0,0,36,10,75,66,197,203,194,211,160,177,109,110,129,59,124,171,158,165,198,208,50,177,173,151,192,94,177,140,12,5,"201834,1612709909"
30,2873,Billy Thomas,1612709901,COL,33.0,25,19,6,0.76,35.1,5.8,13.4,0.435,2.5,6.5,0.38,1.9,2.4,0.8,0.5,2.9,3.4,3.7,1.8,1.8,0.3,0.4,2.4,1.9,16.1,5.4,30.2,0,0,134,75,200,16,45,64,43,177,5,5,58,131,143,79,211,132,160,43,117,16,142,151,143,146,57,14,57,140,12,5,"2873,1612709901"
31,201336,Blake Ahearn,1612709902,DAK,25.0,47,27,20,0.574,38.1,6.7,15.0,0.445,3.0,7.1,0.431,5.9,6.1,0.955,0.3,2.1,2.4,5.2,3.2,0.7,0.0,0.6,2.5,4.8,22.2,4.0,32.0,3,0,43,21,64,89,23,35,20,157,2,4,30,5,15,13,246,178,202,17,18,133,223,81,125,13,10,21,46,63,12,5,"201336,1612709902"
32,200784,Bobby Jones,1612709904,SIF,25.0,49,25,24,0.51,34.4,5.3,11.2,0.476,0.9,2.8,0.304,4.6,5.9,0.788,2.7,4.9,7.6,2.4,2.7,1.4,0.5,0.8,4.3,5.3,16.1,1.7,31.8,10,0,18,37,41,127,53,77,82,112,81,73,121,17,22,97,29,40,30,77,41,38,103,45,4,8,54,64,49,24,12,5,"200784,1612709904"
33,201240,Brad Stricker,1612709893,ABQ,31.0,44,20,24,0.455,13.0,1.0,1.8,0.571,0.0,0.0,0.0,0.7,1.3,0.508,0.9,1.6,2.5,0.4,0.6,0.2,0.3,0.2,2.2,1.3,2.7,-0.5,7.3,0,0,66,66,41,168,237,248,270,14,185,224,185,222,211,242,170,210,199,242,250,236,143,211,165,199,248,147,242,140,12,5,"201240,1612709893"
34,201635,Brandon Heath,1612709905,LAD,25.0,50,19,31,0.38,32.9,6.0,13.5,0.444,1.7,5.1,0.337,1.7,2.2,0.757,0.9,3.1,4.0,4.2,2.4,1.4,0.1,0.6,1.6,2.0,15.4,1.2,28.5,1,0,3,75,9,208,61,58,41,160,27,16,87,145,150,118,168,118,139,33,68,36,203,84,213,135,70,80,76,109,12,5,"201635,1612709905"
35,201237,Brent Petway,1612709903,IDA,24.0,48,30,18,0.625,29.6,4.0,8.0,0.503,0.8,2.6,0.317,1.3,2.1,0.634,1.1,3.0,4.1,1.3,1.1,0.5,2.1,0.2,3.3,1.9,10.2,2.5,23.9,1,0,36,10,75,66,98,120,135,69,85,80,108,170,159,206,133,130,134,154,187,177,10,230,52,147,130,45,112,109,12,5,"201237,1612709903"
36,201783,Brian Evans,1612709911,IOW,27.0,33,21,12,0.636,21.3,3.1,6.2,0.49,0.0,0.3,0.111,2.6,3.1,0.833,0.5,1.5,2.0,1.7,1.3,0.8,0.0,0.6,1.0,2.2,8.7,1.4,15.1,0,0,109,58,136,61,170,163,176,87,180,185,183,89,106,49,205,215,217,115,170,115,230,89,255,126,154,72,182,140,12,5,"201783,1612709911"
37,201870,Brian Harper,1612709914,REN,23.0,13,7,6,0.538,7.6,1.2,2.9,0.421,0.1,0.4,0.2,0.1,0.3,0.25,0.5,0.8,1.3,0.2,0.6,0.2,0.2,0.0,1.5,0.3,2.6,-3.5,5.1,0,0,202,185,200,108,264,242,250,190,169,179,163,268,268,265,207,255,248,259,245,251,160,258,226,268,249,239,263,140,12,5,"201870,1612709914"
38,200564,Brian Jackson,1612709909,UTA,28.0,39,24,15,0.615,21.6,1.9,4.7,0.405,0.0,0.0,0.0,2.1,2.7,0.798,1.3,2.8,4.1,1.5,1.4,0.6,0.7,0.3,3.2,3.1,6.0,2.2,16.0,0,0,86,44,113,72,164,215,206,210,185,227,185,114,131,85,113,135,133,124,157,159,66,158,56,74,204,53,174,140,12,5,"200564,1612709909"
39,200559,Brian Morrison,1612709890,AUS,26.0,17,11,6,0.647,8.7,1.3,3.5,0.367,0.5,1.5,0.32,0.4,0.5,0.875,0.1,0.8,0.9,1.1,1.0,0.2,0.0,0.4,1.5,0.5,3.5,-1.1,5.7,0,0,174,146,200,55,261,240,235,238,116,121,107,242,261,24,267,254,267,167,198,246,235,153,218,258,240,167,255,140,12,5,"200559,1612709890"
40,201747,Bryce Sheldon,1612709899,ANA,25.0,6,1,5,0.167,9.9,0.5,2.3,0.214,0.0,0.7,0.0,0.3,0.3,1.0,0.0,0.3,0.3,0.5,0.2,0.2,0.0,0.0,0.8,0.3,1.3,-2.2,2.8,0,0,236,247,210,263,256,265,257,263,185,153,185,249,265,1,269,273,278,232,269,248,235,258,262,264,269,204,270,140,12,5,"201747,1612709899"
41,200903,Bryson McKenzie,1612709899,ANA,25.0,9,4,5,0.444,11.6,1.1,2.6,0.435,0.0,0.0,0.0,0.7,1.2,0.545,1.8,2.8,4.6,0.2,1.0,0.3,0.6,0.3,2.6,0.8,2.9,0.3,10.4,0,0,221,216,210,171,249,246,254,176,185,227,185,224,216,235,76,139,107,260,198,222,96,158,123,238,246,111,222,140,12,5,"200903,1612709899"
42,201636,CJ Giles,1612709904,SIF,23.0,25,9,16,0.36,22.6,4.2,7.6,0.55,0.0,0.2,0.0,2.0,2.8,0.725,2.2,4.4,6.7,0.5,1.3,0.6,1.4,0.2,3.5,2.1,10.3,3.0,24.0,5,0,134,166,98,221,156,116,150,29,185,196,185,120,125,143,50,54,55,239,168,161,28,212,33,127,129,35,110,48,12,5,"201636,1612709904"
43,201874,Cameron Bennerman,1612709899,ANA,25.0,12,0,12,0.0,35.8,5.3,11.4,0.467,1.3,3.3,0.4,1.3,1.8,0.727,0.5,2.3,2.8,1.8,1.5,1.2,0.2,0.3,2.7,1.3,13.3,-8.4,21.9,0,0,204,267,136,267,41,75,80,127,46,56,48,170,176,142,212,172,191,106,143,64,180,158,111,196,87,271,130,140,12,5,"201874,1612709899"
44,201317,Carl Elliott,1612709910,FWN,26.0,46,23,23,0.5,35.4,5.6,12.8,0.437,1.0,3.0,0.328,2.1,2.9,0.724,1.2,3.8,5.0,4.2,2.8,2.6,0.2,0.5,2.8,2.2,14.3,0.2,32.3,4,0,53,51,45,128,42,70,56,171,76,69,100,116,112,144,132,86,96,32,38,3,178,106,101,124,81,119,44,59,12,5,"201317,1612709910"
45,201291,Carldell Johnson,1612709890,AUS,26.0,46,29,17,0.63,32.2,3.2,7.7,0.419,1.2,3.3,0.366,1.1,1.4,0.797,0.7,2.3,3.0,5.1,2.0,1.7,0.1,0.4,2.3,1.9,8.8,3.5,23.5,1,0,53,15,85,64,70,153,145,193,55,58,71,189,206,86,187,169,177,19,107,18,215,142,155,143,153,29,115,109,12,5,"201291,1612709890"
46,201809,Carlos English,1612709902,DAK,24.0,33,16,17,0.485,7.0,0.5,2.1,0.265,0.2,0.7,0.217,0.3,0.4,0.643,0.0,0.4,0.4,1.4,0.7,0.4,0.0,0.1,0.5,0.3,1.5,-2.1,4.6,0,0,109,100,85,153,269,264,264,260,155,152,158,255,263,199,269,272,277,147,240,206,235,256,273,269,264,202,266,140,12,5,"201809,1612709902"
47,201840,Carlos Wheeler,1612709909,UTA,31.0,50,32,18,0.64,21.9,3.2,6.4,0.506,0.1,0.5,0.167,1.9,2.8,0.686,1.4,3.9,5.3,1.0,1.9,0.7,0.4,0.4,2.5,2.1,8.4,1.0,17.9,3,0,3,4,75,60,161,155,173,65,168,167,174,131,120,174,104,82,86,173,111,147,120,128,124,127,161,90,159,63,12,5,"201840,1612709909"
48,201858,Cartier Martin,1612709911,IOW,24.0,21,15,6,0.714,37.6,7.3,15.4,0.477,2.2,5.6,0.39,3.7,4.6,0.813,1.2,4.2,5.4,1.4,2.5,0.6,0.5,0.7,3.5,4.4,20.6,5.0,30.0,1,0,152,107,200,23,27,21,15,111,9,12,54,45,51,69,123,65,80,143,63,166,111,67,36,20,16,15,61,109,12,5,"201858,1612709911"
49,200841,Cedric Bozeman,1612709899,ANA,26.0,48,15,33,0.313,42.4,6.6,13.6,0.484,1.2,3.5,0.347,5.1,6.0,0.847,1.1,5.5,6.7,4.3,2.7,1.5,0.1,0.8,3.2,4.4,19.4,-3.2,35.9,9,0,36,107,6,236,5,37,39,98,54,50,82,11,19,42,133,23,54,31,43,29,202,43,64,23,21,232,23,31,12,5,"200841,1612709899"
50,2456,Cezary Trybanski,1612709914,REN,29.0,12,8,4,0.667,16.2,2.0,3.3,0.6,0.0,0.0,0.0,1.2,1.5,0.778,1.2,3.2,4.3,0.1,1.0,0.1,2.4,0.2,1.9,1.7,5.2,-1.2,17.0,0,0,204,178,221,40,207,209,239,7,185,227,185,186,199,104,128,114,117,269,198,256,7,230,189,159,209,168,164,140,12,5,"2456,1612709914"
51,200510,Charles Gaines,1612709890,AUS,27.0,23,16,7,0.696,36.4,6.0,11.3,0.525,0.0,0.0,0.0,3.1,4.4,0.696,3.3,7.1,10.3,0.7,2.2,1.0,0.7,0.8,3.3,3.3,15.0,2.2,31.4,13,0,138,100,183,29,36,59,81,46,185,227,185,64,54,167,11,7,7,211,86,79,81,34,49,60,75,51,53,14,12,5,"200510,1612709890"
52,201780,Charlie Parker,1612709905,LAD,23.0,32,13,19,0.406,18.6,2.6,5.4,0.483,0.3,0.8,0.36,1.3,2.2,0.594,0.9,1.3,2.2,1.7,0.8,1.0,0.2,0.3,1.0,1.5,6.8,1.6,14.8,0,0,115,127,69,188,191,185,192,100,138,148,74,175,153,225,157,224,214,116,228,83,165,177,254,184,190,68,185,140,12,5,"201780,1612709905"
53,200798,Cheikh Samb,1612709901,COL,24.0,10,5,5,0.5,25.4,4.9,9.5,0.516,0.3,0.9,0.333,2.3,3.2,0.719,2.8,4.3,7.1,0.8,1.6,0.9,3.8,0.1,3.7,2.6,12.4,1.7,34.6,2,0,214,205,210,128,137,93,112,54,134,142,88,105,103,148,25,62,44,203,138,104,2,251,25,104,96,63,32,81,12,5,"200798,1612709901"
54,200557,Chet Mason,1612709899,ANA,28.0,18,7,11,0.389,29.2,4.0,8.4,0.474,0.2,0.4,0.571,2.9,3.9,0.757,2.4,3.2,5.7,2.4,2.3,1.2,0.0,0.7,2.9,2.8,11.2,-1.2,22.9,2,0,167,185,147,201,103,121,128,119,143,178,5,72,71,116,42,111,75,75,74,64,235,67,84,94,112,168,122,81,12,5,"200557,1612709899"
55,200390,Cheyne Gadson,1612709905,LAD,28.0,16,3,13,0.188,26.9,4.0,9.6,0.416,0.8,2.2,0.343,2.3,2.8,0.822,0.5,1.8,2.3,2.5,3.1,0.8,0.1,0.5,1.5,2.2,11.1,-6.0,17.2,0,0,180,226,126,260,127,121,110,195,90,90,85,103,118,61,212,198,210,74,22,122,216,106,219,125,114,265,163,140,12,5,"200390,1612709905"
56,101243,Chris Alexander,1612709904,SIF,28.0,11,9,2,0.818,31.9,2.5,6.8,0.36,0.0,0.1,0.0,2.0,3.6,0.55,4.0,4.5,8.5,1.1,1.6,0.6,2.0,1.1,4.3,2.6,6.9,3.6,25.1,1,0,211,166,242,12,72,191,164,240,185,204,185,120,81,234,5,51,20,171,134,163,12,10,6,101,187,28,106,109,12,5,"101243,1612709904"
57,201845,Chris Childress,1612709904,SIF,24.0,10,5,5,0.5,4.4,0.0,0.6,0.0,0.0,0.0,0.0,0.3,0.4,0.75,0.4,0.6,1.0,0.1,0.1,0.0,0.0,0.0,0.8,0.1,0.3,1.0,1.6,0,0,214,205,210,128,277,272,275,272,185,227,185,253,264,122,230,263,259,267,270,259,235,258,263,275,275,86,275,140,12,5,"201845,1612709904"
58,200951,Chris Ellis,1612709904,SIF,25.0,48,18,30,0.375,22.0,2.3,5.6,0.407,0.0,0.0,0.0,2.5,3.3,0.776,3.0,3.9,6.9,0.7,1.6,0.5,0.7,0.5,3.6,2.4,7.1,-2.0,18.3,6,0,36,82,12,210,160,198,187,207,185,218,185,91,101,108,20,81,50,214,137,177,77,96,31,116,182,196,156,44,12,5,"200951,1612709904"
59,201805,Chris Hunter,1612709910,FWN,24.0,47,19,28,0.404,32.8,7.5,13.6,0.551,0.1,0.3,0.2,4.2,5.2,0.811,3.8,5.6,9.4,0.8,2.2,0.8,1.2,0.8,3.7,4.6,19.3,-0.4,35.5,21,0,43,75,21,189,64,17,38,28,172,182,163,32,38,71,7,22,11,202,80,124,41,33,23,18,22,138,27,6,12,5,"201805,1612709910"
60,201181,Chris Richard,1612709889,TUL,24.0,20,6,14,0.3,31.1,5.2,9.7,0.531,0.0,0.0,0.0,1.7,2.6,0.635,2.6,5.7,8.3,1.7,2.2,0.7,0.5,0.7,3.2,2.5,12.0,-4.7,25.6,2,0,156,195,117,242,88,84,107,40,185,227,185,148,134,203,36,19,23,118,83,154,104,72,60,112,102,255,103,81,12,5,"201181,1612709889"
61,201799,Cliff Clinkscales,1612709908,RGV,25.0,49,24,25,0.49,27.4,3.1,6.7,0.455,0.1,0.3,0.214,0.9,1.6,0.605,0.5,1.8,2.3,5.3,1.4,0.9,0.2,0.3,1.3,1.7,7.1,-0.7,19.9,3,0,18,44,35,150,123,162,166,144,173,184,161,207,196,219,209,199,208,16,159,99,163,182,237,157,179,152,143,63,12,5,"201799,1612709908"
62,201207,Coby Karl,1612709903,IDA,26.0,22,15,7,0.682,37.2,6.0,11.8,0.512,2.0,5.0,0.394,4.6,5.6,0.821,0.9,3.5,4.4,5.5,3.4,1.5,0.4,0.2,3.5,4.6,18.6,3.2,34.6,1,0,146,107,183,33,30,55,71,57,19,18,52,20,30,63,163,100,115,11,12,29,126,224,38,17,30,32,33,109,12,5,"201207,1612709903"
63,201653,Coleman Collins,1612709910,FWN,22.0,46,17,29,0.37,24.8,4.0,8.3,0.484,0.0,0.1,0.0,3.2,4.2,0.751,1.8,3.6,5.4,1.2,1.6,0.7,0.8,0.6,1.8,3.1,11.2,-2.8,22.4,5,0,53,93,16,217,139,119,129,97,185,207,185,61,58,121,72,97,82,158,135,138,60,88,201,73,110,223,126,48,12,5,"201653,1612709910"
64,201448,Cory Underwood,1612709893,ABQ,29.0,19,9,10,0.474,25.8,4.7,9.4,0.5,0.0,0.0,0.0,2.3,3.7,0.614,1.9,3.2,5.1,0.9,1.2,0.7,0.4,0.7,2.8,2.8,11.6,-5.3,21.0,0,0,163,166,152,160,133,100,113,71,185,227,185,108,80,217,66,115,94,195,177,145,130,65,96,87,105,259,134,140,12,5,"201448,1612709893"
65,201235,Courtney Sims,1612709911,IOW,25.0,32,18,14,0.563,38.7,8.7,14.3,0.605,0.0,0.1,0.5,5.4,7.2,0.752,3.4,7.6,11.0,1.5,2.6,0.6,2.0,0.9,3.3,5.7,22.8,2.1,43.4,22,1,115,82,117,92,17,4,25,6,179,209,7,8,9,120,10,4,4,126,53,173,11,28,48,4,9,56,4,5,4,5,"201235,1612709911"
66,201363,Craig Winder,1612709908,RGV,25.0,46,20,26,0.435,16.1,3.2,7.3,0.441,0.5,1.7,0.295,1.9,2.4,0.793,0.8,1.7,2.5,1.8,1.4,1.0,0.2,0.5,2.3,1.9,8.9,-0.7,16.7,0,0,53,66,27,175,208,153,155,164,108,110,127,134,142,94,177,207,198,112,156,98,158,106,159,143,150,153,167,140,12,5,"201363,1612709908"
67,201028,Curtis Stinson,1612709911,IOW,26.0,50,28,22,0.56,44.6,6.4,14.6,0.44,0.3,1.6,0.215,2.8,3.8,0.74,1.7,5.4,7.0,8.4,3.6,2.2,0.3,1.0,2.9,3.4,16.1,0.5,40.8,24,3,3,17,56,94,2,43,22,167,127,115,160,75,73,134,83,28,46,4,8,6,146,16,87,59,58,105,7,4,1,5,"201028,1612709911"
68,201827,Curtis Terry,1612709905,LAD,23.0,16,3,13,0.188,13.3,1.2,3.7,0.322,0.5,1.9,0.267,0.2,0.3,0.6,0.3,1.3,1.5,0.7,0.8,0.1,0.0,0.1,1.3,0.3,3.1,-3.9,5.3,0,0,180,226,126,260,234,244,231,251,108,102,141,264,267,220,254,224,236,219,232,257,235,241,242,267,244,246,258,140,12,5,"201827,1612709905"
69,201591,DJ White,1612709889,TUL,22.0,6,4,2,0.667,31.1,7.7,13.7,0.561,0.0,0.0,0.0,3.0,3.5,0.857,2.5,4.7,7.2,1.2,1.7,0.7,1.5,0.7,2.8,2.5,18.3,-4.2,33.5,2,0,236,216,242,40,86,15,37,22,185,227,185,67,85,30,39,47,40,163,128,148,27,67,93,110,33,249,40,81,12,5,"201591,1612709889"
70,201876,Dabo Kabov,1612709899,ANA,109.0,10,0,10,0.0,6.2,0.4,2.2,0.182,0.1,0.6,0.167,0.2,0.5,0.4,0.0,0.5,0.5,0.1,0.4,0.0,0.0,0.3,0.1,0.4,1.1,-1.5,1.5,0,0,214,267,152,267,272,268,262,266,166,157,174,263,257,254,269,266,271,267,258,259,235,183,275,261,270,179,276,140,12,5,"201876,1612709899"
71,201325,Damien Lolar,1612709901,COL,25.0,9,7,2,0.778,12.8,1.3,4.2,0.316,0.3,1.3,0.25,1.3,2.4,0.545,0.6,1.2,1.8,1.0,1.7,0.8,0.1,0.1,1.7,1.8,4.3,-5.4,9.0,0,0,221,185,242,14,242,238,218,254,128,124,145,170,139,235,203,226,227,177,128,126,198,247,211,154,224,262,231,140,12,5,"201325,1612709901"
72,2245,Damone Brown,1612709914,REN,30.0,30,12,18,0.4,32.5,5.9,12.4,0.478,0.8,2.4,0.338,3.2,5.0,0.651,2.8,4.5,7.3,1.9,2.5,1.1,1.2,0.6,3.3,4.1,15.9,-3.4,32.0,7,0,121,139,75,190,67,60,61,107,86,84,86,57,43,193,27,52,35,104,59,72,37,84,51,32,61,238,48,42,12,5,"2245,1612709914"
73,201850,Darian Townes,1612709913,ERI,24.0,30,16,14,0.533,13.8,2.8,5.7,0.491,0.0,0.0,0.0,1.2,1.8,0.655,1.8,2.4,4.2,0.3,0.6,0.2,1.2,0.6,1.9,1.7,6.8,0.7,16.1,1,0,121,100,117,112,229,174,186,86,185,221,185,182,176,192,68,164,126,251,247,235,37,78,191,159,188,100,172,109,12,5,"201850,1612709913"
74,201616,Darnell Jackson,1612709913,ERI,23.0,2,2,0,1.0,26.0,7.5,11.5,0.652,0.0,0.0,0.0,4.5,6.0,0.75,3.0,3.0,6.0,0.5,2.0,1.0,0.0,1.0,4.0,3.5,19.5,-0.5,28.5,0,0,259,235,270,1,130,18,77,2,185,227,185,24,18,122,19,124,71,232,97,83,235,16,9,52,20,145,78,140,12,5,"201616,1612709913"
75,201386,Darren Cooper,1612709905,LAD,25.0,43,17,26,0.395,23.7,2.4,6.0,0.401,1.1,2.7,0.415,1.3,1.6,0.826,0.3,1.6,1.9,2.4,1.1,0.9,0.1,0.4,1.2,1.5,7.3,-2.2,15.1,0,0,69,93,27,197,149,195,181,215,61,75,41,173,191,57,251,209,224,81,193,102,197,141,247,175,178,206,183,140,12,5,"201386,1612709905"
76,200580,Daryl Dorsey,1612709914,REN,27.0,51,25,26,0.49,20.0,3.5,8.3,0.423,0.1,0.5,0.13,1.6,1.9,0.848,0.5,1.3,1.8,3.3,1.8,0.7,0.1,0.5,1.5,1.5,8.7,-2.5,16.4,1,0,2,37,27,149,181,143,130,185,174,170,180,149,173,39,227,223,229,51,116,132,212,122,221,186,155,212,169,109,12,5,"200580,1612709914"
77,201779,Dave Noel,1612709914,REN,23.0,33,13,20,0.394,22.6,3.4,7.4,0.461,0.8,2.2,0.356,2.4,2.8,0.848,1.0,1.8,2.8,2.1,0.9,0.9,0.1,0.7,2.5,2.0,10.0,-2.5,18.6,0,0,109,127,64,198,155,145,153,137,88,89,77,102,121,40,142,202,186,87,225,109,194,61,133,134,133,214,151,140,12,5,"201779,1612709914"
78,201305,David Bailey,1612709904,SIF,28.0,37,14,23,0.378,31.7,4.9,11.1,0.442,1.4,3.6,0.378,3.0,4.0,0.743,1.2,2.5,3.7,4.6,2.9,1.4,0.1,0.7,2.7,3.0,14.2,1.3,27.1,2,0,92,121,45,209,77,92,83,161,42,47,60,69,63,130,130,151,145,22,34,35,211,53,108,81,82,79,88,81,12,5,"201305,1612709904"
79,201333,David Bell,1612709902,DAK,28.0,49,26,23,0.531,24.1,3.6,8.7,0.409,2.0,4.8,0.407,2.3,2.6,0.883,0.3,2.0,2.4,2.2,1.3,0.7,0.0,0.2,1.3,1.7,11.4,2.1,18.2,0,0,18,30,45,117,145,141,122,202,18,21,46,104,133,21,240,185,206,85,173,153,233,205,241,157,108,57,157,140,12,5,"201333,1612709902"
80,201741,David Berghoefer,1612709900,BAK,25.0,23,11,12,0.478,14.8,2.0,2.8,0.708,0.0,0.0,0.0,1.0,1.3,0.71,1.6,2.4,4.0,0.2,0.6,0.2,0.3,0.2,2.5,1.1,5.0,0.8,11.2,2,0,138,146,136,156,217,209,251,1,185,227,185,203,210,154,89,159,135,261,246,239,137,228,134,203,211,97,212,81,12,5,"201741,1612709900"
81,201776,David Monds,1612709902,DAK,25.0,37,20,17,0.541,32.9,5.3,9.7,0.547,0.0,0.1,0.0,2.0,2.8,0.702,3.1,6.1,9.1,1.0,2.1,0.8,1.1,0.7,3.2,2.4,12.6,-0.7,28.7,12,0,92,66,85,104,62,80,108,32,185,212,185,127,119,163,16,12,13,175,94,117,48,58,59,115,95,155,74,16,12,5,"201776,1612709902"
82,200786,David Noel,1612709914,REN,25.0,49,30,19,0.612,41.4,7.2,13.9,0.519,1.6,3.8,0.425,3.0,4.0,0.732,1.2,4.8,6.1,5.4,3.1,2.1,0.6,0.7,3.2,3.1,19.0,1.2,39.3,12,3,18,10,69,76,6,26,33,49,31,41,35,70,62,141,116,45,70,14,21,8,87,66,57,71,23,82,11,16,1,5,"200786,1612709914"
83,201634,DeMarcus Nelson,1612709890,AUS,23.0,20,13,7,0.65,37.5,7.7,14.3,0.54,1.1,2.5,0.42,3.4,4.7,0.723,1.3,4.1,5.4,4.1,2.9,1.7,0.4,1.4,2.2,3.9,19.9,4.0,35.6,1,0,156,127,183,51,28,14,27,34,67,81,37,52,45,145,112,71,85,34,37,22,136,4,168,41,19,22,26,109,12,5,"201634,1612709890"
84,201807,DeWitt Scott,1612709910,FWN,24.0,49,18,31,0.367,27.8,2.8,7.7,0.369,1.7,4.6,0.378,0.5,0.6,0.833,0.6,1.8,2.4,0.6,0.4,0.5,0.0,0.2,2.4,0.7,7.9,-1.0,12.8,0,0,18,82,9,218,117,172,147,236,25,26,60,232,250,49,204,196,204,229,263,196,233,237,140,246,170,162,203,140,12,5,"201807,1612709910"
85,201730,Delonte Holland,1612709908,RGV,27.0,2,2,0,1.0,18.7,4.0,12.5,0.32,0.5,2.5,0.2,1.0,1.0,1.0,0.5,1.0,1.5,0.5,1.0,0.0,0.0,0.0,1.0,2.5,9.5,-9.5,11.1,0,0,259,235,270,1,190,121,59,252,108,81,163,194,229,1,212,239,236,232,198,259,235,258,256,110,143,273,215,140,12,5,"201730,1612709908"
86,201193,Demetris Nichols,1612709911,IOW,24.0,18,9,9,0.5,37.7,7.8,16.5,0.475,2.2,4.9,0.455,3.8,4.9,0.764,0.9,4.4,5.3,3.0,3.0,1.2,1.2,0.9,3.1,3.8,21.7,-0.6,36.7,0,0,167,166,164,128,26,12,7,117,8,19,21,42,44,111,156,58,87,56,24,55,42,29,71,45,11,150,18,140,12,5,"201193,1612709911"
87,200787,Denham Brown,1612709911,IOW,26.0,22,9,13,0.409,29.0,5.4,11.8,0.458,0.1,0.6,0.214,2.3,2.7,0.847,1.0,3.2,4.2,2.0,1.8,1.2,0.2,0.4,2.1,1.8,13.2,-1.9,23.6,1,0,146,166,126,186,106,74,71,142,158,156,161,107,130,41,144,113,128,100,121,54,176,137,171,152,89,195,113,109,12,5,"200787,1612709911"
88,2035,DerMarr Johnson,1612709890,AUS,29.0,8,2,6,0.25,21.2,2.6,7.9,0.333,1.1,4.1,0.273,1.4,2.1,0.647,0.6,2.5,3.1,0.6,2.0,0.5,0.3,0.0,1.4,1.4,7.8,0.3,12.7,0,0,226,235,200,252,171,181,141,247,62,31,138,168,154,196,193,152,172,225,97,177,153,258,235,195,172,115,204,140,12,5,"2035,1612709890"
89,201182,Derrick Byars,1612709900,BAK,25.0,49,26,23,0.531,38.2,6.8,14.3,0.475,1.7,4.5,0.383,2.6,3.5,0.753,1.0,3.8,4.9,2.8,2.2,1.0,0.1,0.5,2.4,3.2,17.9,0.5,29.1,0,0,18,30,45,117,20,32,26,116,25,28,56,84,90,119,143,87,98,63,78,83,189,104,142,66,37,107,70,140,12,5,"201182,1612709900"
90,1760,Derrick Dial,1612709889,TUL,33.0,47,15,32,0.319,29.6,5.0,11.0,0.458,1.4,3.9,0.346,1.9,2.8,0.664,1.2,4.0,5.1,3.7,1.5,0.7,0.6,0.4,2.5,2.3,13.3,-1.9,27.5,2,0,43,107,7,233,99,85,85,141,43,35,83,137,122,189,127,78,92,44,146,141,82,150,126,122,88,192,87,81,12,5,"1760,1612709889"
91,201819,Dominique Coleman,1612709901,COL,24.0,50,34,16,0.68,33.6,5.9,11.9,0.499,1.6,3.8,0.411,1.9,2.8,0.698,2.5,5.3,7.8,4.8,2.4,2.9,0.4,0.9,2.5,2.0,15.4,4.5,39.3,13,1,3,1,98,34,57,62,69,82,35,38,42,129,123,166,38,34,28,21,68,2,134,30,128,140,70,17,12,14,4,5,"201819,1612709901"
92,201826,Dominique Scales,1612709905,LAD,26.0,3,0,3,0.0,6.8,0.0,2.0,0.0,0.0,0.0,0.0,0.7,1.3,0.5,0.3,0.7,1.0,0.0,0.3,0.0,0.3,0.3,2.0,0.7,0.7,-2.0,2.5,0,0,253,267,231,267,271,272,265,272,185,227,185,224,212,243,241,259,259,271,264,259,138,158,174,243,274,196,271,140,12,5,"201826,1612709905"
93,201590,Donte Greene,1612709914,REN,21.0,5,4,1,0.8,31.8,7.4,16.6,0.446,1.6,5.8,0.276,4.0,5.8,0.69,0.4,3.8,4.2,2.0,1.4,1.2,1.2,0.8,3.4,4.2,20.4,6.6,34.2,0,0,242,216,261,13,74,20,6,156,32,10,135,36,24,171,230,88,126,92,154,57,40,40,43,29,18,5,35,140,12,5,"201590,1612709914"
94,200971,Dontell Jefferson,1612709909,UTA,25.0,33,21,12,0.636,36.4,6.4,14.4,0.446,1.1,3.7,0.298,4.2,5.1,0.822,0.8,4.1,4.9,5.4,3.4,1.5,0.3,0.8,2.8,4.4,18.2,2.7,34.4,3,0,109,58,136,61,37,44,24,152,64,45,125,30,41,60,173,69,97,13,12,27,145,44,94,22,34,40,34,63,12,5,"200971,1612709909"
95,200628,Duane Erwin,1612709905,LAD,26.0,14,7,7,0.5,23.8,2.9,6.6,0.441,0.0,0.2,0.0,1.2,2.0,0.607,1.6,3.0,4.6,2.6,1.3,0.7,1.4,0.5,3.9,2.4,7.1,6.1,21.4,1,0,193,185,183,128,148,168,170,163,185,190,185,181,163,218,85,124,101,72,172,139,30,106,14,118,183,7,131,109,12,5,"200628,1612709905"
96,101204,Dwayne Jones,1612709890,AUS,26.0,34,17,17,0.5,32.8,5.5,9.3,0.594,0.0,0.0,0.0,4.2,6.3,0.668,4.8,7.1,11.9,1.1,2.3,0.5,1.2,1.0,2.7,4.7,15.2,-2.0,33.9,20,0,106,93,85,128,65,72,114,8,185,227,185,31,14,183,1,6,2,172,71,198,36,22,103,15,73,196,38,7,12,5,"101204,1612709890"
97,201383,Dwayne Mitchell,1612709905,LAD,26.0,49,18,31,0.367,39.4,6.6,12.7,0.514,0.3,1.3,0.238,5.1,7.6,0.681,1.8,5.1,6.9,4.3,2.7,1.9,0.3,0.9,2.6,5.3,18.6,-0.6,37.2,8,0,18,82,9,218,15,38,57,55,132,128,152,10,6,178,77,35,49,30,41,13,141,26,119,9,31,148,16,38,12,5,"201383,1612709905"
98,2853,Earl Barron,1612709905,LAD,27.0,13,6,7,0.462,28.3,4.2,10.0,0.415,0.0,0.1,0.0,1.6,2.5,0.636,2.9,4.2,7.2,2.4,2.3,0.5,0.7,1.1,3.5,2.5,9.9,4.7,23.5,3,0,202,195,183,166,110,117,97,196,185,206,185,152,137,202,21,67,41,79,73,175,73,11,37,107,137,16,116,63,12,5,"2853,1612709905"
99,201832,Eddie Ard,1612709909,UTA,24.0,25,15,10,0.6,13.3,1.6,3.6,0.451,0.0,0.1,0.0,1.0,1.5,0.649,0.7,1.6,2.3,0.6,0.9,0.2,0.1,0.2,1.2,1.3,4.2,1.0,7.9,0,0,134,107,152,81,235,224,232,149,185,202,185,202,202,195,186,212,213,230,220,240,195,212,248,198,226,85,236,140,12,5,"201832,1612709909"
100,2109,Eddie Gill,1612709901,COL,30.0,40,27,13,0.675,34.8,3.9,9.7,0.401,1.2,3.7,0.329,5.8,7.3,0.793,0.5,3.4,3.9,8.4,3.1,1.7,0.5,0.4,3.2,4.7,14.8,7.5,35.4,15,0,85,21,126,38,48,128,106,214,56,46,99,7,8,93,212,104,141,5,19,22,104,138,66,16,78,3,28,11,12,5,"2109,1612709901"
101,201816,Elgrace Wilborn,1612709904,SIF,26.0,8,6,2,0.75,12.2,1.0,2.0,0.5,0.0,0.0,0.0,0.4,1.1,0.333,0.9,1.1,2.0,0.1,0.9,0.0,0.8,0.1,2.4,1.0,2.4,-4.1,6.3,0,0,226,195,242,17,246,248,265,71,185,227,185,246,224,261,169,233,217,266,226,259,65,241,146,214,252,248,249,140,12,5,"201816,1612709904"
102,201286,Eric Dawson,1612709890,AUS,24.0,31,19,12,0.613,24.3,4.6,7.9,0.585,0.0,0.0,0.0,1.1,1.7,0.635,2.5,4.0,6.6,1.5,1.2,1.1,1.0,0.6,3.2,1.4,10.4,1.4,25.8,5,0,118,75,136,75,142,102,140,9,185,227,185,191,185,203,37,72,60,127,180,68,49,82,62,189,127,76,101,48,12,5,"201286,1612709890"
103,200924,Eric Osmundson,1612709901,COL,26.0,1,1,0,1.0,13.8,0.0,3.0,0.0,0.0,0.0,0.0,2.0,2.0,1.0,2.0,2.0,4.0,1.0,2.0,1.0,0.0,0.0,2.0,1.0,2.0,1.0,9.3,0,0,271,247,270,1,227,272,245,272,185,227,185,120,163,1,58,186,136,177,97,83,235,258,174,214,255,86,229,140,12,5,"200924,1612709901"
104,201346,Eric Smith,1612709910,FWN,26.0,3,1,2,0.333,9.7,1.7,3.0,0.556,0.0,0.0,0.0,0.0,0.0,0.0,0.7,0.7,1.3,0.3,1.0,0.0,0.0,0.3,1.0,0.7,3.3,-4.3,4.4,0,0,253,247,242,225,257,223,245,24,185,227,185,269,272,269,189,259,246,251,198,259,235,158,256,243,241,252,267,140,12,5,"201346,1612709910"
105,2845,Erik Daniels,1612709913,ERI,27.0,50,27,23,0.54,40.5,8.6,18.6,0.465,1.2,3.7,0.312,2.7,3.9,0.692,2.7,7.3,10.0,4.5,3.0,1.3,0.8,0.9,3.8,3.8,21.1,1.2,43.1,29,1,3,21,45,105,9,5,4,129,59,43,115,80,70,169,31,5,9,23,23,48,63,25,18,44,12,80,5,1,4,5,"2845,1612709913"
106,201365,Ernest Scott,1612709908,RGV,26.0,46,25,21,0.543,19.7,2.9,7.2,0.4,1.9,4.8,0.398,0.4,0.6,0.621,0.7,1.7,2.5,1.0,0.8,0.5,0.4,0.1,1.8,0.6,8.0,-0.3,14.4,1,0,53,37,61,103,183,170,158,216,21,22,51,245,248,214,183,204,197,176,237,177,129,240,201,249,167,135,190,109,12,5,"201365,1612709908"
107,101231,Ezra Williams,1612709890,AUS,28.0,42,25,17,0.595,26.3,3.9,9.0,0.437,1.4,3.4,0.426,1.4,1.6,0.855,1.2,2.7,3.9,1.6,1.6,1.2,0.5,0.5,2.4,1.1,10.7,1.7,21.2,3,0,76,37,85,83,129,127,118,173,41,55,34,164,188,34,128,144,142,119,140,56,116,119,140,205,121,62,133,63,12,5,"101231,1612709890"
108,2421,Frank Williams,1612709904,SIF,29.0,47,22,25,0.468,36.8,5.2,14.7,0.354,2.5,7.7,0.325,4.4,5.2,0.853,0.5,2.4,3.0,3.6,2.3,1.4,0.5,0.4,2.0,3.4,17.3,0.6,29.6,0,0,43,54,35,163,31,81,21,243,4,3,103,28,37,35,208,158,180,49,72,34,113,143,174,57,43,103,66,140,12,5,"2421,1612709904"
109,201775,Fred Gibson,1612709890,AUS,27.0,32,18,14,0.563,12.8,1.9,3.6,0.517,0.2,0.7,0.333,0.8,1.1,0.686,0.8,1.0,1.8,0.7,0.8,0.7,0.2,0.4,1.6,0.9,4.7,-0.3,9.9,0,0,115,82,117,92,243,218,233,52,144,155,88,218,227,174,180,238,226,215,235,143,165,129,216,230,215,137,224,140,12,5,"201775,1612709890"
110,201849,Gabriel Hughes,1612709905,LAD,28.0,35,15,20,0.429,20.9,3.2,5.8,0.552,0.0,0.0,0.0,2.5,3.5,0.699,2.8,4.4,7.3,1.0,1.8,0.3,0.8,0.7,3.8,2.8,8.9,-3.9,20.5,8,0,103,107,64,177,176,157,184,27,185,227,185,97,84,165,24,55,36,188,115,228,58,49,18,91,151,245,138,38,12,5,"201849,1612709905"
111,200544,Garry Hill-Thomas,1612709914,REN,27.0,43,23,20,0.535,17.4,2.4,4.4,0.553,0.0,0.0,0.0,1.6,2.4,0.67,1.2,1.6,2.8,1.3,0.8,0.7,0.1,0.4,1.4,1.9,6.4,2.1,13.3,1,0,69,51,64,111,201,193,216,26,185,227,185,153,144,182,125,211,189,152,231,137,206,126,233,142,194,55,201,109,12,5,"200544,1612709914"
112,201813,Gary Ervin,1612709889,TUL,25.0,43,16,27,0.372,18.3,3.1,6.4,0.487,0.2,0.9,0.184,1.8,2.4,0.74,1.0,1.4,2.3,2.6,1.1,1.0,0.0,0.4,1.6,1.9,8.2,-2.7,16.9,0,0,69,100,23,215,194,160,171,92,153,143,171,140,140,132,153,222,207,71,185,95,222,126,217,145,164,219,166,140,12,5,"201813,1612709889"
113,201814,Gary Forbes,1612709889,TUL,24.0,52,22,30,0.423,30.6,6.3,12.9,0.49,1.3,3.2,0.387,3.5,4.7,0.75,1.4,3.9,5.3,3.2,3.0,1.0,0.4,0.7,2.7,3.3,17.4,-2.0,29.7,3,0,1,54,12,181,91,48,54,88,51,60,55,49,46,122,105,85,89,53,30,96,119,52,115,64,41,200,64,63,12,5,"201814,1612709889"
114,201836,Gavin Grant,1612709909,UTA,24.0,43,27,16,0.628,18.5,2.6,6.2,0.426,0.1,0.4,0.167,3.1,4.1,0.761,0.9,1.9,2.8,1.3,1.5,0.4,0.2,0.7,1.4,3.1,8.4,2.5,14.0,0,0,69,21,98,65,193,180,177,182,171,174,174,62,61,114,171,193,189,156,147,213,159,48,229,69,160,43,195,140,12,5,"201836,1612709909"
115,201798,Geary Claxton,1612709913,ERI,22.0,15,8,7,0.533,15.0,1.5,3.4,0.431,0.0,0.1,0.0,0.3,1.0,0.267,1.2,2.1,3.3,0.9,0.9,0.7,0.5,0.3,2.3,1.0,3.2,4.3,11.1,0,0,188,178,183,112,216,230,236,180,185,198,185,256,229,264,121,181,167,193,227,148,114,192,148,214,242,18,214,140,12,5,"201798,1612709913"
116,2367,Geno Carlisle,1612709899,ANA,32.0,18,6,12,0.333,19.1,3.1,6.8,0.455,0.7,1.8,0.375,2.2,2.8,0.78,0.3,1.4,1.8,0.9,1.3,0.7,0.0,0.3,1.1,1.6,9.1,-0.9,13.4,0,0,167,195,136,225,187,161,163,143,97,106,64,112,124,102,241,216,227,192,165,136,235,158,250,167,148,160,199,140,12,5,"2367,1612709899"
117,201294,Glen McGowan,1612709904,SIF,28.0,23,11,12,0.478,35.1,5.7,11.5,0.5,0.7,2.1,0.313,4.5,6.3,0.705,2.2,5.7,7.9,1.4,2.4,0.6,0.5,0.8,3.7,5.0,16.6,0.3,29.2,9,0,138,146,136,156,44,67,79,71,99,93,111,27,13,157,52,20,27,136,67,167,99,34,21,11,51,114,69,31,12,5,"201294,1612709904"
118,201880,Greg Stiemsma,1612709904,SIF,23.0,1,1,0,1.0,13.8,1.0,3.0,0.333,0.0,0.0,0.0,4.0,4.0,1.0,2.0,4.0,6.0,0.0,0.0,0.0,1.0,0.0,2.0,2.0,6.0,3.0,16.2,0,0,271,247,270,1,231,248,245,247,185,227,185,36,63,1,58,73,71,271,272,259,50,258,174,136,201,35,171,140,12,5,"201880,1612709904"
119,201632,Hamed Haddadi,1612709902,DAK,24.0,18,10,8,0.556,17.4,2.2,5.1,0.44,0.0,0.2,0.0,1.4,2.3,0.634,2.8,3.9,6.7,0.9,2.0,0.4,1.7,0.2,2.3,1.7,5.9,2.1,19.6,0,0,167,157,169,95,200,199,196,168,185,195,185,161,149,205,26,84,56,196,97,202,20,230,156,159,205,58,146,140,12,5,"201632,1612709902"
120,201611,Henry Walker,1612709909,UTA,21.0,15,8,7,0.533,30.5,6.9,12.3,0.557,0.8,2.0,0.4,4.3,5.4,0.802,1.5,3.7,5.3,1.5,3.3,1.3,0.7,0.7,3.9,4.5,18.9,2.9,30.2,0,0,188,178,183,112,92,30,62,23,86,95,48,29,34,76,95,91,90,125,14,42,77,67,16,19,25,38,59,140,12,5,"201611,1612709909"
121,201195,Herbert Hill,1612709889,TUL,24.0,15,7,8,0.467,22.7,4.7,8.3,0.565,0.0,0.0,0.0,0.5,1.1,0.412,1.8,4.3,6.1,0.7,2.2,0.4,1.8,0.3,2.3,1.0,9.8,0.3,22.7,4,0,188,185,169,164,154,101,132,18,185,227,185,238,223,253,73,60,68,213,83,212,18,158,158,214,139,111,125,59,12,5,"201195,1612709889"
122,101133,Ian Mahinmi,1612709890,AUS,22.0,1,0,1,0.0,20.8,1.0,5.0,0.2,0.0,0.0,0.0,2.0,2.0,1.0,0.0,1.0,1.0,2.0,4.0,0.0,1.0,2.0,4.0,2.0,4.0,-12.0,7.2,0,0,271,267,261,267,177,248,198,264,185,227,185,120,163,1,269,239,259,92,5,259,50,2,9,136,230,277,245,140,12,5,"101133,1612709890"
123,201801,Ivan Harris,1612709913,ERI,25.0,50,27,23,0.54,37.4,6.7,13.9,0.481,0.8,1.8,0.429,1.6,1.8,0.867,1.7,3.5,5.1,0.8,0.8,0.8,0.5,0.3,3.2,1.4,15.7,0.0,26.1,2,0,3,21,45,105,29,33,36,102,89,104,31,155,180,29,83,101,93,208,230,125,100,187,63,187,65,123,97,81,12,5,"201801,1612709913"
124,201592,J.R. Giddens,1612709909,UTA,24.0,26,16,10,0.615,36.4,7.2,12.5,0.578,0.3,1.1,0.276,2.4,3.5,0.681,1.7,4.6,6.3,3.0,2.3,1.1,1.3,0.5,2.2,2.7,17.2,-0.5,34.1,5,0,129,100,152,72,35,25,59,12,131,133,135,101,85,177,81,50,64,60,75,76,32,123,167,97,46,143,36,48,12,5,"201592,1612709909"
125,200849,Jackie Manuel,1612709913,ERI,26.0,47,25,22,0.532,37.8,3.6,7.5,0.479,0.1,0.5,0.273,1.9,3.1,0.592,1.8,5.3,7.1,1.8,1.4,1.3,1.2,0.7,3.7,3.0,9.1,-0.3,26.6,8,0,43,37,56,116,25,139,152,106,159,168,138,137,105,226,74,30,42,107,151,41,39,59,30,76,147,134,93,38,12,5,"200849,1612709913"
126,201823,Jamaal Brown,1612709900,BAK,25.0,22,7,15,0.318,22.9,3.1,6.1,0.511,0.0,0.0,0.0,1.2,2.0,0.6,1.7,2.4,4.1,1.1,1.0,0.4,0.3,0.3,2.6,1.9,7.5,-2.4,15.2,0,0,146,185,113,234,150,158,179,58,185,214,185,178,161,220,79,161,132,166,198,217,143,190,118,148,174,210,181,140,12,5,"201823,1612709900"
127,201855,Jamaal Moore,1612709911,IOW,109.0,8,3,5,0.375,10.2,1.3,2.6,0.476,0.0,0.0,0.0,0.3,1.1,0.222,0.6,0.6,1.3,0.6,0.4,0.0,0.0,0.4,1.4,0.9,2.8,-4.6,4.8,0,0,226,226,210,210,254,241,253,113,185,227,185,257,224,266,193,262,249,225,261,259,235,145,235,233,247,254,265,140,12,5,"201855,1612709911"
128,201249,Jamaal Tatum,1612709903,IDA,24.0,49,31,18,0.633,26.5,4.2,10.6,0.393,0.8,2.6,0.325,2.6,3.3,0.794,0.6,1.8,2.4,3.9,1.8,1.0,0.0,0.5,2.1,2.6,11.8,1.4,22.0,2,0,18,6,75,63,128,115,90,229,83,79,102,87,100,92,199,196,201,38,122,80,225,116,170,102,104,74,128,81,12,5,"201249,1612709903"
129,200974,Jamaal Thomas,1612709890,AUS,29.0,29,12,17,0.414,12.9,2.1,4.5,0.462,0.4,1.7,0.25,1.0,1.7,0.583,0.7,1.0,1.7,1.0,0.6,0.6,0.3,0.1,1.1,1.1,5.5,-0.5,11.0,0,0,125,139,85,185,239,205,213,136,118,113,145,200,186,228,184,239,231,189,244,171,148,249,251,211,206,144,216,140,12,5,"200974,1612709890"
130,201817,Jamar Brown,1612709901,COL,29.0,46,31,15,0.674,16.6,2.7,5.3,0.504,0.0,0.1,0.333,1.0,1.6,0.587,2.0,2.2,4.3,0.5,1.1,0.4,0.6,0.4,3.1,1.6,6.3,-0.4,14.2,4,0,53,6,113,39,205,178,193,68,184,207,88,203,190,227,55,173,121,231,190,209,89,146,68,171,198,139,192,59,12,5,"201817,1612709901"
131,2591,James Lang,1612709909,UTA,25.0,33,24,9,0.727,15.9,2.8,4.8,0.581,0.0,0.0,0.0,1.4,2.1,0.676,1.5,2.8,4.3,0.7,1.5,0.1,0.6,0.4,2.7,1.5,7.0,1.4,14.0,1,0,109,44,164,22,212,173,204,11,185,227,185,166,160,180,96,137,117,220,148,254,83,136,105,185,184,72,196,109,12,5,"2591,1612709909"
132,201651,James Mays,1612709901,COL,23.0,12,8,4,0.667,33.5,6.4,13.9,0.461,1.2,3.8,0.304,4.8,7.6,0.637,3.3,5.3,8.6,2.0,3.6,1.8,1.0,1.0,2.7,5.6,18.8,7.1,36.8,6,0,204,178,221,40,59,45,34,138,57,39,121,15,5,201,12,31,19,92,10,17,50,16,111,5,26,4,17,44,12,5,"201651,1612709901"
133,200778,James White,1612709899,ANA,26.0,34,13,21,0.382,41.1,8.6,15.6,0.549,1.4,3.9,0.368,7.3,8.6,0.856,1.1,3.9,5.0,2.5,2.9,1.2,0.5,0.4,3.3,5.7,25.9,-0.3,37.8,2,0,106,127,61,207,8,7,14,31,40,36,67,2,3,33,137,79,95,73,32,62,104,144,47,3,3,130,14,81,12,5,"200778,1612709899"
134,200525,James Wright,1612709893,ABQ,28.0,20,8,12,0.4,16.0,2.4,4.7,0.516,0.2,0.8,0.2,0.4,0.7,0.571,0.3,0.9,1.1,1.1,1.0,0.3,0.1,0.5,1.3,0.5,5.4,-1.1,8.4,0,0,156,178,136,190,209,194,208,53,156,150,163,243,244,232,254,252,256,170,217,226,220,124,239,259,207,166,234,140,12,5,"200525,1612709893"
135,201191,JamesOn Curry,1612709911,IOW,23.0,16,6,10,0.375,34.5,4.8,11.1,0.433,1.1,3.0,0.354,1.6,1.8,0.897,0.6,2.3,2.9,2.8,1.9,1.1,0.2,0.8,2.9,1.5,12.3,-7.4,22.0,0,0,180,195,152,210,51,95,84,178,65,67,79,150,179,18,201,170,181,66,112,69,174,36,89,178,98,268,129,140,12,5,"201191,1612709911"
136,201185,Jared Jordan,1612709908,RGV,24.0,37,16,21,0.432,31.1,4.5,9.9,0.454,0.4,1.4,0.28,1.2,1.7,0.703,0.9,2.8,3.7,8.8,2.7,1.9,0.1,0.4,1.7,1.5,10.6,-1.6,31.6,12,0,92,100,61,176,87,104,102,146,123,123,134,180,182,158,166,138,145,3,47,12,200,130,206,182,122,182,51,16,12,5,"201185,1612709908"
137,201867,Jarred Axon,1612709910,FWN,109.0,14,5,9,0.357,12.4,1.4,3.9,0.345,0.6,1.9,0.308,0.4,0.6,0.625,0.3,1.1,1.4,1.0,0.6,0.4,0.0,0.2,1.2,0.4,3.6,-1.4,7.4,0,0,193,205,164,222,245,237,225,245,104,103,116,248,253,210,249,231,244,177,252,218,235,207,243,260,235,172,241,140,12,5,"201867,1612709910"
138,201800,Jarvis Gunter,1612709913,ERI,24.0,38,19,19,0.5,12.6,1.3,2.3,0.581,0.0,0.0,0.0,0.4,0.7,0.536,1.4,1.9,3.4,0.2,0.4,0.1,0.8,0.1,1.7,0.6,3.0,0.6,9.8,1,0,89,75,69,128,244,239,260,10,185,227,185,244,243,239,102,190,162,258,262,253,62,248,209,247,245,102,226,109,12,5,"201800,1612709913"
139,201369,Jason Ellis,1612709903,IDA,26.0,48,31,17,0.646,24.1,2.6,5.5,0.477,0.0,0.0,0.0,1.7,2.1,0.804,4.0,4.6,8.7,0.9,1.1,0.9,0.7,0.5,2.7,2.0,6.9,2.5,22.3,9,0,36,6,85,56,144,184,190,110,185,218,185,144,154,75,4,48,18,200,183,106,70,117,104,133,186,45,127,31,12,5,"201369,1612709903"
140,201860,Jason Parker,1612709890,AUS,27.0,4,3,1,0.75,14.3,1.5,4.0,0.375,1.0,2.3,0.444,0.5,0.5,1.0,0.5,1.0,1.5,0.8,0.3,0.8,0.0,0.0,1.0,0.8,4.5,3.8,9.4,0,0,248,226,261,17,221,227,220,232,70,87,23,233,257,1,212,239,236,209,268,130,235,258,256,239,218,26,228,140,12,5,"201860,1612709890"
141,201825,Jasper Johnson,1612709893,ABQ,26.0,49,24,25,0.49,32.4,6.5,13.4,0.486,0.7,1.6,0.442,3.4,3.8,0.894,2.3,5.9,8.2,2.8,2.6,1.6,0.7,1.0,2.4,2.8,17.2,-1.4,35.7,19,0,18,44,35,150,68,40,42,94,95,116,27,51,74,20,48,15,24,65,56,25,67,13,137,95,45,175,24,9,12,5,"201825,1612709893"
142,101214,Jawad Williams,1612709908,RGV,26.0,19,11,8,0.579,36.5,9.4,20.7,0.454,2.7,6.4,0.418,4.2,5.3,0.782,1.1,3.1,4.2,2.3,2.4,0.9,0.4,1.1,2.5,3.7,25.7,0.2,35.7,0,0,163,146,169,86,34,2,1,145,3,7,38,35,35,100,136,122,129,82,66,107,124,9,135,46,4,117,25,140,12,5,"101214,1612709908"
143,201810,Jawann McClellan,1612709902,DAK,23.0,28,17,11,0.607,16.5,1.9,4.3,0.442,0.1,0.6,0.125,0.6,1.0,0.667,0.9,1.4,2.3,0.8,0.7,0.6,0.2,0.2,1.7,0.9,4.5,-0.8,10.1,0,0,126,93,147,80,206,217,217,162,170,160,181,228,236,184,160,219,209,206,238,168,177,226,210,231,218,157,223,140,12,5,"201810,1612709902"
144,2244,Jeff Trepagnier,1612709908,RGV,29.0,45,26,19,0.578,21.8,3.7,8.7,0.421,1.3,3.8,0.351,1.7,2.1,0.811,0.5,2.0,2.5,1.1,1.2,1.0,0.5,0.3,1.8,1.5,10.4,0.0,18.4,0,0,60,30,69,88,162,135,121,191,46,40,80,143,158,72,225,183,195,168,181,94,102,158,197,176,125,124,155,140,12,5,"2244,1612709908"
145,201032,Jeremy Kelly,1612709889,TUL,26.0,47,13,34,0.277,28.0,3.3,8.0,0.408,1.0,2.7,0.357,2.0,2.6,0.742,0.4,2.4,2.8,3.9,2.7,1.1,0.2,0.6,3.2,2.0,9.4,-3.1,19.9,1,0,43,127,3,251,113,151,138,206,78,76,76,128,132,131,235,163,187,39,46,73,169,90,55,139,145,230,144,109,12,5,"201032,1612709889"
146,201176,Jermareo Davidson,1612709903,IDA,24.0,15,11,4,0.733,33.6,6.4,12.3,0.519,0.0,0.0,0.0,3.3,4.3,0.781,2.4,8.4,10.8,1.9,2.2,0.7,1.5,0.5,2.9,3.7,16.1,1.6,36.4,10,0,188,146,221,21,58,46,62,50,185,227,185,54,56,101,43,2,5,102,83,148,26,100,90,47,55,66,20,24,12,5,"201176,1612709903"
147,201360,Jesse Smith,1612709902,DAK,26.0,47,20,27,0.426,22.9,3.6,7.7,0.466,0.0,0.0,0.0,1.7,2.4,0.703,2.0,4.2,6.2,0.7,1.5,0.5,0.4,0.4,2.3,1.8,8.9,-3.2,18.6,5,0,43,66,23,180,151,138,146,128,185,216,185,147,148,159,58,66,65,217,149,199,122,134,153,153,152,235,152,48,12,5,"201360,1612709902"
148,201621,Joe Crawford,1612709905,LAD,23.0,43,15,28,0.349,38.1,7.6,15.9,0.474,2.0,5.4,0.377,3.7,4.5,0.828,1.5,3.1,4.6,2.7,2.5,1.0,0.2,1.0,2.3,3.3,20.8,-2.5,31.5,0,0,69,107,21,224,22,16,9,118,14,15,63,47,53,55,97,120,105,69,58,78,186,16,149,61,14,217,52,140,12,5,"201621,1612709905"
149,201006,Joe Dabbert,1612709901,COL,28.0,50,34,16,0.68,21.2,4.2,8.0,0.529,0.0,0.1,0.0,2.8,4.0,0.702,2.7,3.1,5.8,0.9,1.8,0.6,1.3,0.7,4.3,3.3,11.3,3.4,23.6,6,0,3,1,98,34,172,113,134,42,185,205,185,78,67,162,30,118,74,199,119,161,34,55,5,62,109,31,114,44,12,5,"201006,1612709901"
150,201595,Joey Dorsey,1612709908,RGV,25.0,7,2,5,0.286,29.5,3.9,6.1,0.628,0.0,0.0,0.0,2.0,5.1,0.389,3.1,5.9,9.0,1.0,3.0,1.0,1.6,0.3,3.7,4.1,9.7,-3.6,26.7,1,0,233,235,210,247,100,131,178,4,185,227,185,120,39,257,14,17,14,177,24,83,22,186,24,31,141,242,91,109,12,5,"201595,1612709908"
151,201833,John Barber,1612709909,UTA,24.0,5,2,3,0.4,4.6,0.0,0.2,0.0,0.0,0.0,0.0,0.0,0.0,0.0,0.0,0.4,0.4,0.0,0.0,0.0,0.0,0.0,0.4,0.2,0.0,-2.8,0.5,0,0,242,235,231,190,276,272,277,272,185,227,185,269,272,269,269,270,276,271,272,259,235,258,274,271,276,222,278,140,12,5,"201833,1612709909"
152,2823,John Edwards,1612709911,IOW,27.0,23,9,14,0.391,22.2,4.0,7.5,0.526,0.0,0.0,0.0,1.2,1.5,0.8,2.0,4.3,6.3,0.7,1.7,0.4,1.1,0.7,3.5,1.2,9.1,-2.0,20.6,3,0,138,166,117,200,158,126,151,44,185,227,185,179,198,79,55,61,62,224,127,205,44,62,35,202,146,201,137,63,12,5,"2823,1612709911"
153,101249,John Lucas III,1612709901,COL,26.0,21,14,7,0.667,29.8,6.1,12.7,0.485,2.0,4.6,0.443,0.8,0.8,0.941,1.0,1.4,2.4,4.4,1.4,0.6,0.0,0.2,1.9,1.3,15.1,0.3,25.0,0,0,152,121,183,40,96,53,58,96,13,24,26,217,239,14,154,217,205,26,152,172,221,203,190,196,74,111,107,140,12,5,"101249,1612709901"
154,201824,Johnny Dukes,1612709905,LAD,24.0,2,0,2,0.0,13.0,1.0,5.5,0.182,0.0,0.0,0.0,0.0,1.0,0.0,1.0,1.0,2.0,1.5,1.0,0.5,0.0,0.5,3.5,0.5,2.0,-7.5,7.2,0,0,259,267,242,267,238,248,189,266,185,227,185,269,229,269,144,239,217,128,198,177,235,106,34,255,255,269,246,140,12,5,"201824,1612709905"
155,2668,Josh Davis,1612709901,COL,28.0,45,31,14,0.689,31.9,6.8,14.2,0.48,2.3,6.2,0.374,2.9,3.3,0.872,2.6,4.6,7.2,1.9,1.9,1.8,0.5,0.7,3.2,2.4,18.8,6.5,35.3,12,0,60,6,117,31,73,31,30,105,6,8,66,74,98,25,34,49,38,105,109,14,98,64,58,113,27,6,29,16,12,5,"2668,1612709901"
156,201304,Jovan Harris,1612709900,BAK,28.0,26,13,13,0.5,16.6,1.5,3.8,0.394,0.7,1.3,0.5,0.2,0.3,0.857,0.2,1.0,1.2,2.0,0.9,0.2,0.1,0.3,1.8,0.6,3.9,-2.2,8.2,0,0,129,127,126,128,204,227,228,227,98,126,7,260,271,30,261,237,251,99,219,244,213,181,198,251,233,205,235,140,12,5,"201304,1612709900"
157,201324,Julian Sensley,1612709908,RGV,26.0,17,9,8,0.529,21.6,4.2,8.3,0.511,0.6,1.8,0.367,1.1,1.6,0.643,1.4,2.6,4.0,1.4,1.0,1.2,0.4,0.5,1.8,1.5,10.2,-1.5,20.9,0,0,174,166,169,120,163,114,130,59,100,108,69,192,187,199,107,147,136,138,198,62,125,101,195,183,131,178,136,140,12,5,"201324,1612709908"
158,201873,Justin Johnson,1612709904,SIF,23.0,6,5,1,0.833,9.2,0.7,2.3,0.286,0.2,1.0,0.167,0.3,0.3,1.0,0.3,1.0,1.3,0.7,0.0,0.5,0.0,0.2,0.5,0.2,1.8,0.2,5.9,0,0,236,205,261,10,259,260,257,257,151,137,174,249,265,1,241,239,246,220,272,177,235,230,270,274,262,118,253,140,12,5,"201873,1612709904"
159,2770,Justin Reed,1612709900,BAK,27.0,28,11,17,0.393,31.2,5.2,12.3,0.423,0.1,0.5,0.286,2.1,2.8,0.734,1.6,5.5,7.1,2.0,1.7,0.6,0.4,0.5,3.3,2.6,12.6,0.2,25.2,5,0,126,146,85,199,84,82,66,187,157,163,131,119,116,140,85,26,43,98,125,168,135,99,52,103,94,116,105,48,12,5,"2770,1612709900"
160,2867,Kasib Powell,1612709904,SIF,28.0,20,8,12,0.4,32.8,7.3,15.0,0.487,1.4,4.1,0.329,2.6,3.8,0.684,0.9,3.2,4.0,4.1,1.7,1.5,0.5,0.8,2.4,2.9,18.6,0.5,33.7,0,0,156,178,136,190,63,23,18,93,45,32,98,86,77,176,172,116,136,34,126,29,117,40,143,86,32,106,39,140,12,5,"2867,1612709904"
161,2208,Kedrick Brown,1612709899,ANA,28.0,42,13,29,0.31,40.3,6.5,14.0,0.461,1.0,3.2,0.313,3.7,4.6,0.804,2.0,4.7,6.7,2.6,2.2,1.3,0.6,0.7,3.0,3.6,17.6,-1.8,33.1,5,0,76,127,16,239,10,42,32,139,70,61,110,45,48,74,63,46,56,70,79,42,94,63,82,51,38,190,41,48,12,5,"2208,1612709899"
162,201812,Keith Brumbaugh,1612709904,SIF,23.0,49,24,25,0.49,19.0,3.3,6.7,0.488,0.7,2.0,0.375,1.0,1.3,0.738,1.1,2.4,3.5,0.7,1.5,0.9,0.4,0.3,3.0,1.6,8.3,-0.6,15.9,0,0,18,44,35,150,188,150,166,91,93,101,64,198,213,135,139,162,156,212,142,110,127,193,74,173,163,148,175,140,12,5,"201812,1612709904"
163,201791,Keith Clark,1612709889,TUL,21.0,49,14,35,0.286,27.5,4.8,9.5,0.5,0.4,1.8,0.23,2.1,3.4,0.623,1.7,5.1,6.8,1.4,1.8,0.8,0.9,0.6,3.4,2.6,12.0,-2.8,25.6,10,0,18,121,1,247,121,97,111,71,119,107,155,115,94,213,78,36,53,135,120,121,56,79,42,106,101,221,102,24,12,5,"201791,1612709889"
164,2693,Keith McLeod,1612709893,ABQ,29.0,36,19,17,0.528,38.2,4.3,10.5,0.405,1.1,3.2,0.333,4.6,5.7,0.801,0.5,2.6,3.1,4.4,2.2,1.6,0.1,0.3,3.1,4.0,14.1,-1.7,27.6,2,0,96,75,85,123,19,112,91,212,66,63,88,21,25,78,210,150,176,25,87,24,198,158,69,37,83,184,84,81,12,5,"2693,1612709893"
165,200501,Kendall Dartez,1612709908,RGV,28.0,14,5,9,0.357,28.0,4.6,9.9,0.46,0.2,0.4,0.6,2.1,3.4,0.625,2.9,3.4,6.2,1.5,2.4,0.9,0.9,0.4,3.9,3.6,11.5,2.1,24.0,1,0,193,205,164,222,115,103,100,140,145,181,3,113,92,210,23,106,66,128,70,112,56,152,17,49,106,54,109,109,12,5,"200501,1612709908"
166,201863,Kentrell Gransberry,1612709901,COL,23.0,26,18,8,0.692,14.5,2.1,4.2,0.505,0.0,0.0,0.0,1.0,2.1,0.455,2.0,2.7,4.6,1.0,1.3,0.7,0.4,0.8,2.8,1.4,5.2,0.9,14.3,1,0,129,82,169,30,219,201,219,67,185,220,185,201,157,252,65,146,103,174,169,142,123,39,91,194,208,91,191,109,12,5,"201863,1612709901"
167,201739,Keoni Watson,1612709908,RGV,25.0,8,4,4,0.5,9.2,0.6,2.4,0.263,0.0,0.4,0.0,0.6,1.0,0.625,0.3,0.8,1.0,1.4,1.5,0.5,0.0,0.3,1.1,1.1,1.9,-3.0,5.1,0,0,226,216,221,128,260,262,256,261,185,180,185,229,229,210,254,256,259,144,143,177,235,196,249,204,261,225,260,140,12,5,"201739,1612709908"
168,101207,Kevin Burleson,1612709903,IDA,30.0,23,13,10,0.565,27.5,3.7,8.6,0.426,1.7,4.6,0.358,2.0,2.6,0.78,0.6,1.7,2.3,5.5,2.1,0.9,0.1,0.2,2.8,2.5,11.0,1.3,22.9,5,0,138,127,152,91,122,136,124,183,29,25,75,120,136,103,197,205,211,12,90,101,209,228,97,108,119,77,123,48,12,5,"101207,1612709903"
169,201755,Kirk Walters,1612709899,ANA,24.0,45,13,32,0.289,10.3,0.8,1.6,0.5,0.0,0.0,1.0,0.3,0.6,0.538,0.3,1.1,1.5,0.3,0.4,0.2,0.3,0.1,1.5,0.4,1.9,-1.8,5.1,0,0,60,127,7,246,253,257,271,71,183,225,1,252,252,237,241,232,243,254,260,240,150,254,225,263,260,187,261,140,12,5,"201755,1612709899"
170,201585,Kosta Koufos,1612709909,UTA,20.0,10,7,3,0.7,29.8,7.3,12.9,0.566,0.0,0.0,0.0,2.1,3.5,0.6,3.5,4.9,8.4,2.0,1.9,1.0,2.6,0.2,2.2,2.8,16.7,5.5,38.7,3,0,214,185,231,28,97,23,53,17,185,227,185,117,85,220,9,42,22,92,110,83,4,212,163,91,50,13,13,63,12,5,"201585,1612709909"
171,1936,Kris Clack,1612709893,ABQ,31.0,9,1,8,0.111,20.9,2.1,4.4,0.475,0.0,0.6,0.0,3.1,4.2,0.737,1.3,1.8,3.1,1.1,1.1,1.3,0.3,0.3,4.2,3.0,7.3,-3.2,16.6,0,0,221,247,169,266,174,202,214,115,185,161,185,63,57,136,108,200,174,168,189,42,138,158,7,76,176,234,168,140,12,5,"1936,1612709893"
172,201255,Kris Collins,1612709890,AUS,26.0,2,1,1,0.5,13.5,1.5,4.0,0.375,0.0,0.0,0.0,1.5,2.0,0.75,0.0,0.5,0.5,0.5,0.0,0.0,0.0,1.5,0.0,1.5,4.5,-0.5,5.9,0,0,259,247,261,128,233,227,220,232,185,227,185,156,163,122,269,266,271,232,272,259,235,3,276,178,218,145,254,140,12,5,"201255,1612709890"
173,201731,Kurt Looby,1612709908,RGV,25.0,50,21,29,0.42,25.5,2.6,4.5,0.564,0.0,0.0,0.0,1.2,2.2,0.574,3.2,4.9,8.1,0.4,0.9,0.8,2.5,0.5,2.6,1.7,6.4,0.9,25.9,10,1,3,58,16,182,135,187,209,20,185,226,185,177,152,231,13,39,25,247,221,116,5,97,116,164,196,93,100,24,4,5,"201731,1612709908"
174,2792,Kyle Davis,1612709914,REN,27.0,5,2,3,0.4,15.8,1.4,4.4,0.318,0.0,0.2,0.0,0.8,1.2,0.667,1.2,2.2,3.4,0.6,1.2,0.0,1.6,1.0,3.2,1.4,3.6,-0.8,12.2,0,0,242,235,231,190,213,233,215,253,185,193,185,215,217,184,121,174,160,227,178,259,21,16,60,192,236,158,207,140,12,5,"2792,1612709914"
175,201782,Kyle Shiloh,1612709914,REN,23.0,5,1,4,0.2,6.9,0.4,2.2,0.182,0.2,1.0,0.2,0.0,0.0,0.0,0.2,0.6,0.8,1.2,0.4,0.6,0.0,0.2,1.2,0.2,1.0,1.4,5.2,0,0,242,247,221,258,270,268,262,266,146,137,163,269,272,269,259,263,268,159,258,170,235,212,244,271,271,75,259,140,12,5,"201782,1612709914"
176,201602,Kyle Weaver,1612709889,TUL,23.0,2,1,1,0.5,44.3,7.0,13.5,0.519,0.5,3.0,0.167,2.5,3.0,0.833,2.5,5.0,7.5,9.0,3.5,3.0,2.0,0.5,2.5,4.0,17.0,-4.0,51.0,1,0,259,247,261,128,3,28,40,51,108,67,174,92,107,49,39,37,31,2,11,1,12,106,128,35,47,247,2,109,12,5,"201602,1612709889"
177,201178,Kyrylo Fesenko,1612709909,UTA,22.0,14,10,4,0.714,25.5,4.4,8.7,0.508,0.0,0.0,0.0,3.4,5.2,0.644,3.1,5.4,8.5,2.4,2.1,0.3,1.6,0.6,3.4,3.9,12.2,3.1,29.5,4,0,193,157,221,23,134,105,120,63,185,227,185,53,36,198,14,29,21,76,88,228,22,73,44,40,100,34,68,59,12,5,"201178,1612709909"
178,201818,Lamar Butler,1612709914,REN,25.0,42,30,12,0.714,14.2,2.3,4.9,0.469,1.4,2.8,0.491,0.5,0.6,0.792,0.3,0.9,1.2,1.6,1.3,0.5,0.0,0.2,0.9,0.7,6.4,0.4,10.4,0,0,76,10,136,23,223,196,202,124,44,74,16,239,253,95,253,251,252,121,165,200,232,207,260,240,195,110,221,140,12,5,"201818,1612709914"
179,200984,Lance Allred,1612709903,IDA,28.0,45,28,17,0.622,29.8,6.5,13.1,0.5,0.0,0.0,0.0,2.4,3.4,0.71,2.3,6.9,9.2,1.3,1.6,0.5,0.6,0.8,2.2,2.8,15.5,2.2,30.3,18,0,60,17,85,70,95,39,51,71,185,215,185,98,91,154,47,8,12,150,133,176,86,40,166,89,68,50,56,10,12,5,"200984,1612709903"
180,201831,Lanny Smith,1612709903,IDA,24.0,48,30,18,0.625,21.5,1.9,4.7,0.404,0.5,1.7,0.313,1.7,2.4,0.716,0.3,2.0,2.3,3.0,1.9,0.6,0.0,0.5,2.1,2.0,6.0,0.5,13.4,0,0,36,10,75,66,167,216,207,213,106,111,111,142,141,152,252,184,212,59,108,157,224,117,169,138,200,104,200,140,12,5,"201831,1612709903"
181,2635,Larry Ayuso,1612709911,IOW,32.0,14,10,4,0.714,34.9,4.4,11.6,0.383,1.9,6.0,0.321,2.4,2.7,0.895,0.3,2.5,2.8,1.9,2.4,0.6,0.1,0.2,2.6,2.1,13.2,1.6,19.4,0,0,193,157,221,23,47,105,74,231,20,9,106,99,128,19,249,152,188,103,64,158,189,207,121,132,90,67,147,140,12,5,"2635,1612709911"
182,201875,Lawrence McKenzie,1612709905,LAD,24.0,10,4,6,0.4,13.7,1.4,3.8,0.368,0.4,1.3,0.308,0.3,0.6,0.5,0.2,0.7,0.9,2.1,1.1,0.2,0.0,0.2,1.3,0.7,3.5,-1.9,7.2,0,0,214,216,200,190,232,233,229,237,120,127,116,253,251,243,259,258,266,86,192,240,235,212,239,241,239,193,244,140,12,5,"201875,1612709905"
183,201857,Leonard Houston,1612709911,IOW,109.0,6,3,3,0.5,8.7,0.3,2.0,0.167,0.3,1.5,0.222,0.5,0.7,0.75,0.2,1.0,1.2,0.3,0.3,0.2,0.0,0.3,0.7,0.3,1.5,-5.3,3.6,0,0,236,226,231,128,262,270,265,270,128,118,157,233,246,122,264,239,255,251,264,248,235,158,267,264,265,260,268,140,12,5,"201857,1612709911"
184,201848,Longar Longar,1612709905,LAD,26.0,14,7,7,0.5,22.3,2.8,5.8,0.481,0.0,0.0,0.0,2.2,3.5,0.633,1.8,4.4,6.2,1.0,1.4,0.4,1.4,0.7,3.1,2.6,7.8,-0.6,20.5,2,0,193,185,183,128,157,175,185,101,185,227,185,111,85,207,75,55,66,177,163,218,30,56,67,99,171,151,139,81,12,5,"201848,1612709905"
185,2739,Luke Jackson,1612709903,IDA,27.0,36,22,14,0.611,34.6,5.5,12.2,0.452,1.6,3.6,0.438,4.8,5.6,0.851,1.1,4.3,5.4,4.4,3.6,0.8,0.2,0.5,1.9,3.9,17.4,0.1,29.8,2,1,96,54,117,77,50,71,67,147,37,49,29,16,31,37,138,64,84,27,9,118,180,121,192,39,42,120,63,81,4,5,"2739,1612709903"
186,2587,Malick Badiane,1612709899,ANA,25.0,19,3,16,0.158,19.7,2.1,5.1,0.406,0.0,0.1,0.0,0.8,1.3,0.667,1.6,3.8,5.4,0.5,1.1,0.4,0.4,0.3,2.8,1.1,4.9,-3.7,13.2,2,0,163,226,98,264,182,206,197,209,185,213,185,211,215,184,91,89,83,240,191,215,130,176,92,207,212,243,202,81,12,5,"2587,1612709899"
187,201612,Malik Hairston,1612709890,AUS,22.0,30,20,10,0.667,41.3,8.1,15.2,0.532,0.9,2.0,0.441,5.9,7.0,0.834,2.0,3.4,5.5,3.7,2.9,1.4,1.1,1.2,3.7,5.0,22.9,4.2,39.5,2,0,121,66,152,40,7,10,17,38,80,100,28,6,10,48,57,102,78,42,36,39,46,7,25,10,7,20,10,81,12,5,"201612,1612709890"
188,201786,Marcel Jones,1612709911,IOW,23.0,2,1,1,0.5,10.2,1.0,4.5,0.222,0.0,2.0,0.0,0.0,1.0,0.0,1.5,0.0,1.5,0.0,0.5,0.5,0.5,0.0,2.5,0.5,2.0,-9.5,6.3,0,0,259,247,261,128,255,248,211,262,185,95,185,269,229,269,98,275,236,271,256,177,104,258,128,255,255,273,250,140,12,5,"201786,1612709911"
189,200647,Marcus Campbell,1612709899,ANA,27.0,38,12,26,0.316,27.2,4.8,9.2,0.526,0.0,0.0,0.0,1.4,2.4,0.578,3.0,5.9,8.9,1.6,3.0,0.5,1.4,0.6,4.0,1.9,11.0,-2.8,26.6,10,0,89,139,27,235,125,94,117,45,185,222,185,169,147,230,18,16,17,120,24,197,29,83,13,141,116,224,92,24,12,5,"200647,1612709899"
190,200586,Marcus Hill,1612709889,TUL,30.0,5,0,5,0.0,7.3,1.6,2.8,0.571,0.4,0.8,0.5,0.0,0.0,0.0,0.4,0.4,0.8,0.2,0.6,0.2,0.2,0.2,1.2,0.2,3.6,-3.2,5.5,0,0,242,267,210,267,267,226,252,14,120,147,7,269,272,269,230,270,268,262,247,240,172,212,244,271,236,233,256,140,12,5,"200586,1612709889"
191,201647,Marcus Hubbard,1612709908,RGV,25.0,41,18,23,0.439,19.5,3.2,6.9,0.465,0.3,1.0,0.256,1.5,2.1,0.69,0.9,3.2,4.1,0.9,1.0,0.8,0.7,0.4,2.7,1.6,8.2,-2.7,17.9,2,0,80,82,45,173,186,156,162,131,139,136,143,160,156,171,164,110,130,198,198,129,68,147,110,168,165,220,158,81,12,5,"201647,1612709908"
192,201377,Marcus White,1612709905,LAD,25.0,9,4,5,0.444,20.2,2.4,5.6,0.44,0.0,0.0,0.0,1.4,1.9,0.765,2.6,3.8,6.3,0.7,0.9,1.1,0.3,0.6,2.9,1.6,6.3,0.7,18.4,1,0,221,216,210,171,180,192,188,166,185,227,185,161,174,110,35,90,63,220,223,70,138,94,88,172,197,100,154,109,12,5,"201377,1612709905"
193,201173,Marcus Williams,1612709890,AUS,22.0,45,29,16,0.644,42.6,8.4,18.8,0.446,1.0,3.1,0.312,5.0,6.0,0.838,0.9,6.0,6.9,5.3,4.0,1.7,0.6,0.9,2.6,4.2,22.8,3.0,41.9,12,1,60,15,98,57,4,9,2,155,77,65,114,12,17,47,159,13,48,15,4,19,92,27,120,30,8,37,6,16,4,5,"201173,1612709890"
194,201872,Mark Tyndale,1612709911,IOW,23.0,16,7,9,0.438,27.4,3.8,7.8,0.492,0.3,0.8,0.333,3.2,4.7,0.68,1.6,3.1,4.6,1.5,1.4,1.3,0.6,0.8,2.6,3.2,11.1,-3.5,23.1,0,0,180,185,164,174,124,133,143,85,141,150,88,59,47,179,92,121,102,128,158,52,85,36,122,68,114,241,119,140,12,5,"201872,1612709911"
195,201777,Mark Walters,1612709893,ABQ,26.0,43,20,23,0.465,14.8,1.8,4.0,0.465,0.3,0.9,0.282,0.9,1.4,0.629,1.0,1.5,2.6,0.9,0.5,0.9,0.1,0.3,1.7,1.2,4.8,1.0,12.0,2,0,69,66,45,165,218,219,224,133,140,141,133,209,205,208,141,213,194,194,255,102,192,195,212,201,213,86,208,81,12,5,"201777,1612709893"
196,101248,Marlon Parmer,1612709901,COL,28.0,17,10,7,0.588,18.3,2.6,6.1,0.423,0.0,0.4,0.0,2.8,3.5,0.8,0.5,1.2,1.6,3.6,2.6,0.8,0.1,0.6,1.4,2.3,8.0,-2.2,15.5,0,0,174,157,183,84,196,186,180,186,185,176,185,77,83,79,224,230,233,47,54,128,196,87,231,121,168,207,178,140,12,5,"101248,1612709901"
197,200905,Marvin Phillips,1612709911,IOW,25.0,36,20,16,0.556,15.4,2.1,3.8,0.543,0.1,0.3,0.444,0.8,1.2,0.628,1.8,2.1,3.9,0.4,0.6,0.7,0.9,0.3,2.3,1.0,5.0,-0.3,14.5,0,0,96,66,98,95,214,203,227,33,162,187,23,218,219,209,68,179,140,245,253,148,55,189,156,214,210,136,187,140,12,5,"200905,1612709911"
198,2043,Mateen Cleaves,1612709900,BAK,31.0,36,20,16,0.556,34.0,4.8,10.3,0.468,0.4,1.5,0.273,2.6,3.3,0.783,0.6,2.7,3.3,8.2,2.7,1.1,0.1,0.5,2.8,2.9,12.6,3.8,29.6,11,0,96,66,98,95,54,96,96,126,117,117,138,85,96,99,192,143,163,6,45,74,219,102,99,85,93,26,67,21,12,5,"2043,1612709900"
199,201655,Maureece Rice,1612709913,ERI,25.0,50,27,23,0.54,36.8,7.4,15.8,0.471,1.0,2.6,0.379,2.8,3.3,0.85,1.2,3.3,4.5,4.0,2.0,1.3,0.0,0.9,1.4,2.4,18.7,0.9,32.0,3,0,3,21,45,105,32,19,11,122,70,77,59,75,95,38,131,108,113,37,95,49,228,31,234,114,28,96,47,63,12,5,"201655,1612709913"
200,2486,Maurice Baker,1612709902,DAK,29.0,49,26,23,0.531,39.5,6.2,14.2,0.435,1.0,3.3,0.313,2.6,3.2,0.822,1.9,5.0,6.8,5.8,3.1,1.7,0.0,0.5,3.1,2.7,16.0,3.8,34.9,10,0,18,30,45,117,14,52,29,174,69,59,111,83,102,62,67,38,51,10,20,21,225,104,70,98,59,25,31,24,12,5,"2486,1612709902"
201,201330,Michael Joiner,1612709904,SIF,27.0,34,17,17,0.5,31.4,3.4,8.5,0.397,1.1,3.5,0.322,0.6,0.8,0.846,1.3,3.5,4.9,1.5,0.7,0.9,0.5,0.4,3.0,1.0,8.5,-0.4,20.0,1,0,106,93,85,128,80,146,125,223,63,53,105,227,241,43,111,99,99,132,239,108,104,153,72,214,157,141,141,109,12,5,"201330,1612709904"
202,101153,Mickael Gelabale,1612709905,LAD,26.0,6,4,2,0.667,31.2,6.5,13.0,0.5,1.3,3.2,0.421,1.7,2.0,0.833,1.5,2.8,4.3,1.7,1.0,1.0,0.2,0.7,3.3,2.3,16.0,-5.3,26.2,0,0,236,216,242,40,83,41,52,71,46,63,36,146,163,49,98,136,117,117,198,83,180,67,45,119,60,260,95,140,12,5,"101153,1612709905"
203,201847,Mike Cook,1612709913,ERI,25.0,10,3,7,0.3,12.8,2.5,6.3,0.397,0.3,1.2,0.25,3.3,4.6,0.717,0.3,1.2,1.5,0.8,0.9,0.1,0.1,0.2,0.7,3.1,8.6,-1.9,11.3,0,0,214,226,183,242,240,189,175,220,134,130,145,56,49,150,247,228,236,203,221,255,203,212,266,72,156,193,211,140,12,5,"201847,1612709913"
204,200988,Mike Efevberha,1612709899,ANA,24.0,8,2,6,0.25,22.1,3.1,10.0,0.313,0.4,2.1,0.176,3.8,3.9,0.968,0.5,3.0,3.5,0.8,1.5,0.5,0.5,0.5,3.0,2.4,10.4,-9.0,17.2,0,0,226,235,200,252,159,159,97,256,124,92,172,44,72,12,212,124,153,209,143,177,104,106,76,116,126,272,162,140,12,5,"200988,1612709899"
205,201829,Mildon Ambres,1612709903,IDA,24.0,45,27,18,0.6,16.0,2.6,6.4,0.411,0.1,0.4,0.25,1.2,1.6,0.736,1.6,2.7,4.3,0.7,0.8,0.4,0.4,0.3,2.3,1.2,6.5,0.1,14.1,3,0,60,21,75,81,211,182,172,200,162,171,145,185,192,138,93,141,124,218,236,220,128,158,154,200,191,122,193,63,12,5,"201829,1612709903"
206,200899,Milone Clark,1612709904,SIF,25.0,19,11,8,0.579,18.3,2.1,4.8,0.424,0.1,0.2,0.25,0.5,0.7,0.692,1.1,2.2,3.2,0.9,1.3,0.7,0.1,0.2,1.5,0.6,4.6,-1.8,11.2,0,0,163,146,169,86,195,206,205,184,176,191,145,237,245,169,140,176,170,191,174,135,201,238,224,250,217,186,213,140,12,5,"200899,1612709904"
207,201719,Mohammed Abukar,1612709903,IDA,24.0,31,21,10,0.677,19.6,3.6,8.1,0.446,1.2,2.9,0.4,1.9,2.4,0.811,0.6,2.6,3.3,0.4,1.1,0.3,0.3,0.2,1.5,1.8,10.3,-0.8,15.3,0,0,118,58,152,37,185,137,133,153,58,71,48,130,145,70,196,148,168,246,195,234,152,221,223,150,128,156,180,140,12,5,"201719,1612709903"
208,201165,Morris Almond,1612709909,UTA,24.0,14,9,5,0.643,31.7,8.0,15.4,0.521,1.6,3.9,0.407,6.3,7.7,0.815,1.0,2.9,3.9,1.0,2.2,0.5,0.2,0.6,2.7,5.6,23.9,3.5,29.9,0,0,193,166,210,58,75,11,16,47,36,37,45,4,4,68,144,133,142,177,81,177,168,73,107,6,5,29,62,140,12,5,"201165,1612709909"
209,201792,Moses Ehambe,1612709889,TUL,23.0,50,15,35,0.3,18.9,3.5,8.6,0.411,2.1,5.0,0.415,0.9,1.1,0.839,0.2,1.5,1.7,0.8,0.8,0.4,0.0,0.3,1.1,0.8,10.1,-1.6,13.9,0,0,3,107,1,242,189,142,123,201,12,17,40,206,226,46,258,214,232,207,234,207,228,187,252,236,132,181,197,140,12,5,"201792,1612709889"
210,200754,Mouhamed Sene,1612709893,ABQ,23.0,10,4,6,0.4,30.3,4.3,8.5,0.506,0.0,0.0,0.0,1.4,2.6,0.538,4.0,6.4,10.4,0.6,1.2,0.9,3.7,0.7,2.3,2.2,10.0,-0.2,36.0,5,0,214,216,200,190,93,111,126,66,185,227,185,165,134,237,5,10,6,227,178,104,3,60,151,123,133,128,22,48,12,5,"200754,1612709893"
211,201856,Nate Brown,1612709890,AUS,109.0,12,10,2,0.833,25.9,3.0,7.3,0.409,0.9,3.3,0.275,1.2,1.6,0.737,0.5,2.5,3.0,5.1,2.5,0.8,0.0,0.1,1.8,1.8,8.1,0.9,19.3,2,0,204,157,242,10,132,164,156,204,79,56,137,186,195,136,212,152,178,20,59,118,235,255,194,155,166,94,148,81,12,5,"201856,1612709890"
212,201605,Nathan Jawai,1612709903,IDA,22.0,14,9,5,0.643,24.0,3.6,6.8,0.526,0.0,0.0,0.0,4.0,5.1,0.778,2.1,4.3,6.4,1.6,2.2,0.3,1.1,0.4,3.4,3.4,11.1,0.4,23.0,2,0,193,166,210,58,146,140,165,43,185,227,185,36,39,104,54,63,61,123,81,228,45,132,41,56,113,109,121,81,12,5,"201605,1612709903"
213,201036,Nick Lewis,1612709900,BAK,26.0,50,26,24,0.52,31.6,5.3,10.9,0.489,1.0,2.6,0.377,3.8,4.5,0.832,1.7,5.6,7.3,1.2,1.4,0.3,0.7,1.0,3.0,3.8,15.4,0.1,27.5,15,0,3,30,41,124,78,78,86,89,75,78,62,43,52,54,80,21,34,162,154,226,71,14,83,43,69,121,85,11,12,5,"201036,1612709900"
214,101230,Noel Felix,1612709899,ANA,27.0,16,5,11,0.313,33.9,5.0,10.7,0.468,0.1,0.2,0.667,2.9,3.7,0.797,2.3,4.4,6.6,1.2,2.9,0.9,2.0,0.3,4.5,3.0,13.1,1.1,28.5,2,0,180,205,147,236,55,87,87,125,160,194,2,73,79,87,49,59,58,161,31,111,12,177,2,76,91,84,77,81,12,5,"101230,1612709899"
215,201802,Oliver Lafayette,1612709913,ERI,25.0,36,20,16,0.556,31.3,4.7,11.8,0.397,1.6,4.8,0.328,2.7,3.5,0.762,0.7,3.4,4.1,3.9,1.8,1.6,0.2,0.4,2.8,4.1,13.6,6.1,28.0,3,1,96,66,98,95,82,99,70,222,34,20,101,81,85,113,185,103,131,40,123,26,180,125,99,33,86,8,82,63,4,5,"201802,1612709913"
216,970,Othella Harrington,1612709905,LAD,35.0,3,1,2,0.333,13.8,0.7,2.3,0.286,0.0,0.0,0.0,0.7,1.0,0.667,1.3,2.0,3.3,1.0,2.7,0.3,0.7,0.3,3.0,1.7,2.0,-7.0,7.8,0,0,253,247,242,225,230,260,257,257,185,227,185,224,229,184,108,186,163,177,48,222,77,158,76,159,255,266,237,140,12,5,"970,1612709905"
217,201629,Othello Hunter,1612709899,ANA,23.0,3,1,2,0.333,32.5,4.0,12.3,0.324,0.0,0.0,0.0,0.3,2.0,0.167,4.7,5.3,10.0,0.7,1.7,1.3,1.3,1.3,3.3,1.7,8.3,-11.7,27.7,2,0,253,247,242,225,66,121,62,250,185,227,185,249,163,267,2,31,8,220,128,42,33,5,45,159,162,276,83,81,12,5,"201629,1612709899"
218,201785,Othyus Jeffers,1612709911,IOW,23.0,47,27,20,0.574,37.9,7.7,14.5,0.535,0.2,0.6,0.286,5.4,7.3,0.735,2.9,6.1,9.0,2.8,2.7,2.1,0.4,0.8,2.2,5.4,21.0,1.8,40.6,20,0,43,21,64,89,24,13,23,35,150,158,131,9,7,139,22,11,14,64,44,9,133,38,161,7,13,61,9,7,12,5,"201785,1612709911"
219,201607,Patrick Ewing,1612709914,REN,25.0,30,16,14,0.533,35.2,5.7,12.3,0.465,0.4,1.7,0.235,4.9,6.4,0.766,2.4,6.5,8.9,3.1,2.6,1.5,1.3,0.6,3.7,4.4,16.8,2.6,37.7,11,0,121,100,117,112,43,68,62,130,120,109,154,13,12,109,43,9,16,54,52,33,35,92,27,24,49,42,15,21,12,5,"201607,1612709914"
220,201788,Patrick Sanders,1612709911,IOW,23.0,41,25,16,0.61,30.7,4.7,11.6,0.409,1.5,3.5,0.417,3.0,3.8,0.777,0.9,2.7,3.6,1.4,1.8,0.7,0.8,0.7,2.5,2.9,13.9,0.5,22.8,1,0,80,37,98,78,90,98,75,203,39,51,39,68,75,107,161,142,149,146,114,146,64,57,136,84,84,108,124,109,12,5,"201788,1612709911"
221,200822,Pops Mensah-Bonsu,1612709890,AUS,25.0,8,6,2,0.75,39.6,9.5,15.6,0.608,0.0,0.3,0.0,7.6,10.9,0.701,4.4,8.6,13.0,2.4,4.0,1.5,2.5,0.8,4.6,7.8,26.6,5.8,53.8,6,0,226,195,242,17,13,1,13,5,185,187,185,1,1,164,3,1,1,80,5,29,6,46,1,1,1,12,1,44,12,5,"200822,1612709890"
222,200643,Quemont Greer,1612709902,DAK,27.0,12,6,6,0.5,22.8,4.3,9.9,0.437,0.5,1.2,0.429,1.8,2.8,0.667,1.8,3.6,5.4,1.3,2.3,0.7,0.3,0.8,2.7,2.1,11.0,-3.0,19.9,2,0,204,195,200,128,152,110,101,172,108,131,31,139,126,184,68,95,81,157,76,148,153,46,111,131,116,225,142,81,12,5,"200643,1612709902"
223,201356,Quin Humphrey,1612709908,RGV,24.0,43,18,25,0.419,21.0,2.9,7.0,0.413,0.7,2.3,0.33,0.9,1.4,0.661,1.3,2.1,3.4,1.2,0.9,0.8,0.1,0.6,1.4,1.1,7.5,-2.1,15.0,1,0,69,82,35,184,173,169,160,199,91,86,96,209,207,190,114,177,159,164,224,127,206,93,229,209,175,203,184,109,12,5,"201356,1612709908"
224,200763,Quincy Douby,1612709913,ERI,25.0,5,1,4,0.2,28.6,6.2,13.4,0.463,1.6,5.4,0.296,4.0,4.6,0.87,0.4,3.2,3.6,1.8,1.0,1.2,0.8,0.6,3.6,4.0,18.0,-5.6,30.0,0,0,242,247,221,258,109,51,44,135,32,14,126,36,49,28,230,112,150,110,198,57,61,84,32,35,35,264,60,140,12,5,"200763,1612709913"
225,201239,Rashid Byrd,1612709908,RGV,27.0,22,4,18,0.182,15.0,2.0,4.9,0.421,0.0,0.0,0.0,0.6,1.6,0.371,1.6,2.0,3.6,0.3,1.4,0.2,1.1,0.2,2.8,1.4,4.7,-1.6,12.2,0,0,146,216,75,262,215,208,203,192,185,227,185,230,194,259,90,182,148,256,160,236,43,224,94,190,216,183,206,140,12,5,"201239,1612709908"
226,201871,Ray Reed,1612709899,ANA,25.0,15,2,13,0.133,24.1,2.2,5.4,0.407,0.0,0.1,0.0,1.6,3.3,0.49,0.5,1.9,2.4,4.0,2.1,1.2,0.5,0.4,2.0,2.6,6.0,-4.3,17.8,0,0,188,235,126,265,143,200,191,207,185,198,185,154,99,250,225,191,203,36,93,57,114,138,174,104,201,252,160,140,12,5,"201871,1612709899"
227,200970,Renaldo Major,1612709902,DAK,27.0,42,26,16,0.619,38.2,6.0,11.5,0.52,0.3,1.3,0.245,4.6,5.4,0.846,2.0,3.3,5.3,3.5,1.6,1.9,0.8,0.6,2.7,4.4,16.9,5.9,35.1,1,0,76,30,98,71,21,57,76,48,130,129,150,22,33,44,63,107,88,50,136,11,59,73,102,21,48,11,30,109,12,5,"200970,1612709902"
228,201613,Richard Hendrix,1612709902,DAK,22.0,46,28,18,0.609,31.0,5.8,10.4,0.564,0.2,0.3,0.5,2.7,4.3,0.616,3.0,8.4,11.4,1.5,2.1,1.0,1.5,0.6,4.0,3.6,14.5,3.2,36.0,25,0,53,17,75,79,89,63,95,19,154,183,7,82,55,215,17,3,3,134,90,81,25,80,8,50,79,33,21,3,12,5,"201613,1612709902"
229,2499,Richie Frahm,1612709914,REN,31.0,21,14,7,0.667,39.7,6.6,13.9,0.473,4.0,8.4,0.469,1.9,2.4,0.8,0.6,3.7,4.3,3.0,1.1,1.3,0.5,0.5,1.8,1.9,19.0,4.0,32.9,0,0,152,121,183,40,12,36,35,121,1,1,19,135,146,79,199,92,120,55,184,51,111,119,200,149,24,23,42,140,12,5,"2499,1612709914"
230,201723,Robert McKiver,1612709890,AUS,24.0,12,9,3,0.75,5.1,0.3,1.8,0.182,0.2,1.1,0.154,0.1,0.5,0.167,0.0,0.6,0.6,0.3,0.7,0.2,0.0,0.2,0.5,0.3,0.9,-0.2,1.8,0,0,204,166,231,17,274,270,269,266,151,135,179,267,257,267,269,265,270,257,241,248,235,230,270,270,273,126,273,140,12,5,"201723,1612709890"
231,201362,Roberto Bergersen,1612709903,IDA,33.0,25,12,13,0.48,21.5,3.0,7.7,0.385,1.8,4.5,0.393,0.8,1.1,0.778,0.4,1.4,1.8,1.3,1.4,1.0,0.2,0.1,1.9,1.0,8.5,-1.2,14.7,0,0,134,139,126,155,168,167,148,230,24,29,53,212,228,104,236,218,230,155,162,97,172,245,188,227,158,170,186,140,12,5,"201362,1612709903"
232,200918,Rod Benson,1612709914,REN,24.0,39,24,15,0.615,25.2,4.4,7.6,0.572,0.0,0.0,0.0,2.5,3.7,0.658,2.6,4.4,7.1,1.3,1.7,0.6,1.7,0.5,2.3,2.5,11.2,2.5,27.0,9,0,86,44,113,72,138,109,149,13,185,223,185,96,78,191,33,57,45,151,124,159,19,98,150,109,111,47,89,31,12,5,"200918,1612709914"
233,200575,Romel Beck,1612709902,DAK,27.0,16,6,10,0.375,28.0,5.3,10.4,0.509,1.8,3.7,0.492,3.4,3.8,0.902,0.7,1.4,2.1,2.9,2.3,0.7,0.2,0.3,1.7,2.9,15.9,-1.4,23.0,0,0,180,195,152,210,114,79,94,62,22,44,15,50,76,17,188,220,216,62,76,143,174,177,208,83,62,174,120,140,12,5,"200575,1612709902"
234,201351,Ron Howard,1612709910,FWN,26.0,48,18,30,0.375,36.1,7.1,14.2,0.497,0.0,0.2,0.0,4.5,6.0,0.76,0.9,3.7,4.6,2.4,2.1,1.2,0.2,0.8,3.0,4.3,18.7,-2.6,29.7,3,0,36,82,12,210,40,27,28,83,185,192,185,23,19,115,162,94,104,78,89,64,180,32,73,26,29,218,65,63,12,5,"201351,1612709910"
235,201329,Ronald Allen,1612709899,ANA,24.0,49,15,34,0.306,20.3,2.7,6.7,0.399,0.1,0.6,0.172,1.4,1.7,0.819,0.8,2.4,3.2,0.4,1.1,0.4,0.1,0.3,3.0,1.4,6.8,-5.0,11.8,1,0,18,107,3,240,178,177,169,219,165,159,173,167,184,64,176,160,169,241,194,211,193,175,74,191,189,256,209,109,12,5,"201329,1612709899"
236,2648,Ronald Dupree,1612709909,UTA,28.0,49,27,22,0.551,35.0,6.3,13.3,0.478,0.7,2.2,0.303,4.2,5.6,0.745,1.2,5.4,6.6,3.9,2.6,1.2,0.6,0.6,3.0,4.2,17.5,2.5,34.0,10,0,18,21,56,99,46,47,48,108,96,88,123,33,29,129,120,27,59,41,51,67,87,91,81,28,39,44,37,24,12,5,"2648,1612709909"
237,201781,Russell Robinson,1612709914,REN,23.0,50,25,25,0.5,29.0,4.4,9.8,0.448,1.3,3.6,0.367,2.3,2.8,0.801,0.7,2.2,2.8,4.4,2.0,2.1,0.1,0.5,2.3,2.6,12.3,1.9,26.9,1,0,3,37,35,128,105,107,104,150,50,48,69,109,117,77,190,175,183,29,95,7,203,103,151,100,97,59,90,109,12,5,"201781,1612709914"
238,201866,Ryan Bright,1612709890,AUS,109.0,20,13,7,0.65,13.2,2.0,3.6,0.563,0.5,1.1,0.455,0.3,0.8,0.333,1.0,1.9,2.8,1.4,0.7,0.7,0.7,0.3,1.2,0.8,4.8,2.2,13.5,1,0,156,127,183,51,236,209,234,21,108,134,21,257,242,261,155,194,184,149,242,154,71,196,244,236,214,52,198,109,12,5,"201866,1612709890"
239,201835,Ryan Diggs,1612709909,UTA,25.0,41,28,13,0.683,10.5,1.4,3.1,0.438,0.2,0.8,0.226,1.0,1.2,0.878,0.3,0.7,1.0,1.4,0.8,0.4,0.0,0.1,1.0,1.0,4.0,-1.4,7.6,0,0,80,17,126,32,252,236,242,170,149,149,156,193,218,23,248,257,258,141,233,216,235,244,253,228,232,173,240,140,12,5,"201835,1612709909"
240,200571,Ryan Forehan-Kelly,1612709905,LAD,29.0,31,15,16,0.484,29.1,5.0,9.7,0.51,1.5,3.1,0.479,1.5,1.7,0.852,0.9,3.6,4.5,3.2,1.0,1.7,0.6,0.1,2.9,1.6,12.9,1.5,29.0,2,0,118,107,98,154,104,90,105,61,38,66,17,158,181,36,158,96,108,52,197,20,93,252,85,166,92,71,72,81,12,5,"200571,1612709905"
241,2415,Ryan Humphrey,1612709889,TUL,29.0,36,10,26,0.278,28.1,6.0,11.9,0.507,0.0,0.1,0.0,3.7,5.7,0.644,2.5,4.8,7.3,1.4,3.3,0.8,1.0,0.9,2.6,4.1,15.7,-3.5,28.6,9,0,96,157,27,249,112,56,68,64,185,210,185,48,26,197,39,44,33,148,16,123,54,23,117,33,64,240,75,31,12,5,"2415,1612709889"
242,201606,Sean Singletary,1612709904,SIF,23.0,3,1,2,0.333,29.5,5.3,10.7,0.5,1.0,1.7,0.6,4.0,5.0,0.8,1.3,2.3,3.7,3.7,3.3,1.0,0.0,0.3,2.0,3.7,15.7,1.3,25.2,0,0,253,247,242,225,101,75,88,71,70,111,3,36,42,79,108,167,147,45,14,83,235,158,174,47,66,78,104,140,12,5,"201606,1612709904"
243,201808,Sean Sonderleiter,1612709910,FWN,28.0,33,11,22,0.333,11.0,1.4,3.4,0.414,0.0,0.0,0.0,1.2,1.8,0.65,1.2,1.8,3.1,0.4,1.1,0.5,0.3,0.4,1.9,1.4,4.0,-3.0,9.7,0,0,109,146,56,225,251,235,237,197,185,227,185,184,178,194,117,195,175,244,196,174,149,148,187,193,231,225,227,140,12,5,"201808,1612709910"
244,201157,Sean Williams,1612709901,COL,22.0,8,5,3,0.625,25.9,3.9,7.8,0.5,0.0,0.1,0.0,2.0,2.9,0.696,2.0,5.5,7.5,1.4,2.5,0.5,3.9,0.3,4.5,3.1,9.8,-1.5,31.4,2,0,226,205,231,66,131,129,143,71,185,201,185,120,115,168,58,25,31,144,59,177,1,196,2,70,140,179,54,81,12,5,"201157,1612709901"
245,201254,Serge Angounou,1612709890,AUS,25.0,37,24,13,0.649,9.6,0.8,2.2,0.337,0.0,0.4,0.063,0.8,0.9,0.857,0.8,2.1,2.9,0.4,0.3,0.3,0.2,0.2,1.8,0.8,2.4,-0.3,7.6,0,0,92,44,126,54,258,258,261,246,181,173,184,214,237,30,179,180,182,243,266,233,167,222,203,235,253,132,239,140,12,5,"201254,1612709890"
246,2733,Shaun Livingston,1612709889,TUL,23.0,11,6,5,0.545,29.3,4.1,10.0,0.409,0.0,0.5,0.0,1.3,1.5,0.824,0.5,3.0,3.5,6.0,2.9,0.6,0.5,0.1,2.4,1.5,9.5,-1.8,23.3,0,0,211,195,210,100,102,118,97,204,185,169,185,176,197,58,205,124,151,9,33,163,97,253,147,174,144,189,117,140,12,5,"2733,1612709889"
247,201804,Shawn Hawkins,1612709911,IOW,26.0,26,10,16,0.385,21.5,2.5,5.8,0.43,1.0,2.3,0.458,1.1,1.5,0.718,1.2,3.1,4.3,1.0,1.0,0.3,0.2,0.3,2.2,1.1,7.1,-1.4,14.4,2,0,129,157,98,205,166,189,183,181,68,85,20,190,199,149,118,117,116,190,216,225,160,157,164,206,181,176,189,81,12,5,"201804,1612709911"
248,2470,Smush Parker,1612709908,RGV,28.0,18,7,11,0.389,36.2,5.8,13.3,0.435,1.7,4.1,0.411,4.0,5.9,0.673,0.4,4.1,4.5,7.5,5.1,2.3,0.3,0.2,3.4,4.9,17.2,0.7,36.5,5,0,167,185,147,201,39,65,45,175,28,33,43,36,21,181,229,70,110,8,1,5,147,230,40,12,44,98,19,48,12,5,"2470,1612709908"
249,201603,Sonny Weems,1612709901,COL,22.0,22,12,10,0.545,28.3,8.6,17.7,0.488,0.8,3.2,0.257,2.4,3.4,0.707,1.2,3.3,4.5,3.0,2.8,1.0,0.6,0.5,3.5,2.8,20.5,2.4,32.5,1,0,146,139,152,100,111,6,5,90,84,62,142,100,93,156,119,109,110,61,39,83,83,106,38,90,17,49,43,109,12,5,"201603,1612709901"
250,201345,Stanley Asumnu,1612709908,RGV,26.0,47,21,26,0.447,24.4,4.9,9.0,0.55,0.0,0.0,0.0,0.7,1.7,0.395,2.7,1.9,4.6,1.8,1.0,0.9,0.2,0.4,2.0,1.6,10.6,-2.5,20.9,3,0,43,58,27,170,141,91,119,30,185,216,185,223,183,256,32,192,106,111,215,113,169,134,185,170,123,213,135,63,12,5,"201345,1612709908"
251,201868,Stanley Burrell,1612709890,AUS,24.0,22,12,10,0.545,21.4,2.5,5.0,0.514,0.2,0.5,0.364,1.0,1.3,0.75,0.5,1.1,1.6,2.0,1.4,0.5,0.1,0.4,1.7,1.0,6.2,-0.3,11.6,0,0,146,139,152,100,169,188,201,56,148,163,73,205,214,122,212,236,234,89,160,177,208,148,207,212,199,131,210,140,12,5,"201868,1612709890"
252,201774,Steve Allen,1612709893,ABQ,26.0,44,21,23,0.477,7.6,0.7,2.0,0.372,0.0,0.0,0.0,0.2,0.6,0.321,0.7,1.2,1.8,0.2,0.5,0.2,0.3,0.3,1.4,0.6,1.7,-0.2,5.1,0,0,66,58,45,159,265,259,268,235,185,227,185,262,247,263,191,229,225,264,257,236,153,184,228,248,263,127,262,140,12,5,"201774,1612709893"
253,201839,Steve Newman,1612709911,IOW,24.0,35,18,17,0.514,14.5,1.1,3.1,0.355,0.2,0.8,0.241,0.1,0.3,0.5,0.8,1.6,2.4,0.7,0.6,0.3,0.5,0.2,1.9,0.3,2.5,-1.0,8.5,0,0,103,82,85,126,220,247,244,242,146,146,151,266,270,243,178,208,200,216,247,221,101,212,193,266,251,161,233,140,12,5,"201839,1612709911"
254,201631,Steven Hill,1612709889,TUL,23.0,7,3,4,0.429,20.9,2.9,5.1,0.556,0.0,0.0,0.0,1.9,3.6,0.52,2.1,3.7,5.9,0.3,1.4,0.3,2.3,0.4,3.0,3.3,7.6,-0.4,21.3,1,0,233,226,221,177,175,171,195,24,185,227,185,136,82,241,53,92,73,255,152,228,9,132,76,63,173,140,132,109,12,5,"201631,1612709889"
255,201180,Sun Sun,1612709905,LAD,23.0,6,3,3,0.5,33.6,3.8,9.7,0.397,1.3,3.5,0.381,0.8,1.2,0.714,0.3,3.0,3.3,3.7,2.0,1.3,2.3,0.3,3.0,1.0,9.8,-1.8,28.3,0,0,236,226,231,128,56,132,109,223,46,52,57,213,221,153,241,124,163,45,97,42,8,158,76,214,138,190,80,140,12,5,"201180,1612709905"
256,200519,Sung-Yoon Bang,1612709914,REN,109.0,4,1,3,0.25,27.1,3.8,10.5,0.357,2.3,7.8,0.29,2.5,2.8,0.909,0.3,1.8,2.0,0.5,3.3,1.0,0.3,0.3,1.8,3.0,12.3,-4.3,15.9,0,0,248,247,231,252,126,134,91,241,7,2,129,92,126,16,254,203,217,232,17,83,153,196,204,76,99,250,176,140,12,5,"200519,1612709914"
257,200555,TJ Cummings,1612709899,ANA,27.0,3,1,2,0.333,24.4,3.3,8.0,0.417,0.0,0.0,0.0,3.3,3.3,1.0,1.0,2.3,3.3,0.0,1.7,1.3,0.0,0.3,2.7,2.3,10.0,-3.3,16.3,0,0,253,247,242,225,140,149,135,194,185,227,185,54,96,1,144,167,163,271,128,42,235,158,111,119,133,237,170,140,12,5,"200555,1612709899"
258,201724,Tack Minor,1612709890,AUS,25.0,7,5,2,0.714,7.5,1.7,3.0,0.571,0.3,0.9,0.333,0.4,0.6,0.75,0.1,0.3,0.4,1.0,1.6,0.3,0.0,0.1,0.7,0.9,4.1,0.7,5.4,0,0,233,205,242,23,266,222,245,14,136,144,88,241,253,122,265,274,275,177,140,228,235,239,264,234,228,99,257,140,12,5,"201724,1612709890"
259,201642,Taj McCullough,1612709910,FWN,22.0,44,17,27,0.386,28.6,5.9,13.3,0.447,1.6,4.7,0.35,2.1,3.0,0.702,0.9,3.4,4.3,1.3,1.3,1.2,0.4,0.4,2.7,3.1,15.6,-0.1,26.0,2,0,66,93,23,204,108,61,47,151,30,23,81,118,111,160,167,105,123,153,171,61,132,131,105,75,67,125,98,81,12,5,"201642,1612709910"
260,201797,Tejay Anderson,1612709913,ERI,28.0,20,10,10,0.5,6.1,0.5,0.9,0.529,0.1,0.2,0.333,0.5,0.8,0.563,0.6,0.7,1.3,0.2,0.1,0.2,0.0,0.1,0.6,0.6,1.4,-0.3,3.6,0,0,156,157,152,128,273,267,274,41,177,197,88,240,240,233,198,261,249,262,270,252,235,257,268,253,267,133,269,140,12,5,"201797,1612709913"
261,200983,Terrance Thomas,1612709900,BAK,28.0,50,26,24,0.52,27.9,3.9,7.8,0.496,0.6,1.8,0.33,1.6,1.9,0.871,1.7,5.5,7.2,2.1,1.8,1.1,0.3,0.4,2.1,1.6,9.9,-0.8,23.9,9,0,3,30,41,124,116,130,142,84,103,104,97,151,175,26,82,24,39,88,117,75,151,138,172,165,136,159,111,31,12,5,"200983,1612709900"
262,201793,Terrell Everett,1612709900,BAK,24.0,27,11,16,0.407,18.5,2.6,6.7,0.394,0.5,1.4,0.368,1.1,1.6,0.721,0.5,1.7,2.1,2.3,1.1,1.1,0.1,0.3,1.4,1.6,6.9,-1.0,15.5,0,0,128,146,98,187,192,179,168,225,107,122,67,188,193,147,223,206,215,83,182,77,188,158,232,169,185,163,179,140,12,5,"201793,1612709900"
263,201742,Terrence Gamble,1612709900,BAK,26.0,16,8,8,0.5,8.2,0.9,1.4,0.636,0.0,0.0,0.0,0.4,0.6,0.6,0.6,1.4,1.9,0.4,0.6,0.2,0.7,0.2,1.4,0.7,2.1,1.9,7.0,0,0,180,178,169,128,263,256,273,3,185,227,185,246,249,220,201,220,223,248,243,245,74,223,227,242,254,60,248,140,12,5,"201742,1612709900"
264,201242,Thomas Gardner,1612709899,ANA,24.0,2,0,2,0.0,28.7,8.5,16.0,0.531,2.0,6.5,0.308,4.5,5.5,0.818,1.5,4.0,5.5,1.0,2.0,0.5,0.0,1.0,2.5,3.5,23.5,1.0,31.1,0,0,259,267,242,267,107,8,8,39,15,6,116,24,32,65,98,73,77,177,97,177,235,16,128,52,6,86,55,140,12,5,"201242,1612709899"
265,201734,Thomas Sanders,1612709908,RGV,23.0,2,0,2,0.0,11.2,2.0,4.0,0.5,0.0,0.0,0.0,0.5,1.0,0.5,1.0,2.5,3.5,0.5,0.0,0.5,0.0,0.0,2.0,1.5,4.5,6.0,11.0,0,0,259,267,242,267,250,209,220,71,185,227,185,233,229,243,144,152,153,232,272,177,235,258,174,178,218,9,217,140,12,5,"201734,1612709908"
266,2357,Tierre Brown,1612709899,ANA,30.0,18,5,13,0.278,32.1,6.2,11.7,0.533,0.1,0.6,0.2,3.2,4.1,0.784,0.4,2.8,3.2,5.2,3.7,1.1,0.2,0.6,2.4,3.8,15.8,-3.1,27.5,2,0,167,205,126,249,71,50,73,36,162,161,163,58,60,98,234,139,171,18,7,70,180,94,138,42,63,229,86,81,12,5,"2357,1612709899"
267,201862,Tony Bethel,1612709913,ERI,26.0,20,13,7,0.65,25.5,3.5,8.0,0.44,0.9,3.0,0.288,1.2,1.5,0.828,0.5,2.4,2.8,1.4,1.5,0.9,0.2,0.3,2.5,1.1,9.1,-1.8,16.1,0,0,156,127,183,51,136,144,139,165,82,70,130,182,204,56,228,165,184,139,150,114,187,196,128,208,149,187,173,140,12,5,"201862,1612709913"
268,101259,Toree Morris,1612709893,ABQ,27.0,23,11,12,0.478,14.0,1.4,3.1,0.465,0.0,0.0,0.0,1.5,2.0,0.723,1.2,2.3,3.5,0.2,1.3,0.2,0.6,0.3,2.8,1.4,4.3,-1.3,9.8,0,0,138,146,136,156,225,231,243,131,185,227,185,159,162,145,126,166,152,265,164,247,89,155,97,188,223,171,225,140,12,5,"101259,1612709893"
269,200980,Trent Strickland,1612709908,RGV,25.0,50,21,29,0.42,31.6,6.3,14.1,0.446,0.7,2.4,0.306,4.2,5.6,0.74,2.0,4.1,6.1,1.4,2.0,1.0,0.2,0.7,3.0,4.0,17.5,-0.2,28.7,3,0,3,58,16,182,79,49,31,154,92,83,120,34,28,133,62,68,69,139,106,82,164,50,80,38,40,128,73,63,12,5,"200980,1612709908"
270,201821,Trey Gilder,1612709901,COL,24.0,50,34,16,0.68,23.9,5.0,9.8,0.51,0.6,2.0,0.323,3.0,4.0,0.763,1.6,3.9,5.5,1.4,1.9,1.2,0.7,0.6,2.2,2.8,13.7,1.6,26.3,7,0,3,1,98,34,147,86,103,60,101,99,104,66,67,112,87,82,76,137,113,57,76,77,162,93,85,65,94,42,12,5,"201821,1612709901"
271,201234,Trey Johnson,1612709900,BAK,24.0,39,21,18,0.538,40.1,7.3,15.8,0.464,1.2,2.8,0.409,4.9,6.1,0.795,0.8,3.1,3.8,4.5,2.6,0.7,0.0,1.1,2.7,4.3,20.7,2.4,31.8,1,0,86,58,75,108,11,21,10,134,60,72,44,14,16,91,181,123,144,24,55,134,231,11,109,25,15,48,50,109,12,5,"201234,1612709900"
272,201649,Vernon Hamilton,1612709901,COL,24.0,23,15,8,0.652,13.9,1.8,4.5,0.394,0.3,1.1,0.308,0.2,0.6,0.385,0.3,1.0,1.3,2.0,1.1,1.0,0.1,0.3,1.6,0.6,4.1,-2.5,10.9,0,0,138,107,169,49,226,220,210,226,126,132,116,261,256,258,239,239,245,90,186,83,209,155,215,252,229,215,218,140,12,5,"201649,1612709901"
273,201041,Walker Russell,1612709910,FWN,26.0,47,18,29,0.383,39.3,5.4,12.9,0.422,0.6,2.1,0.3,4.6,5.7,0.809,0.7,3.5,4.3,10.8,4.2,2.3,0.2,0.9,2.5,4.2,16.1,-0.4,40.7,28,2,43,82,16,206,16,73,55,189,102,91,124,19,27,73,182,98,122,1,2,4,179,24,126,27,56,142,8,2,3,5,"201041,1612709910"
274,201594,Walter Sharpe,1612709910,FWN,22.0,4,1,3,0.25,21.6,4.0,9.3,0.432,0.3,0.5,0.5,2.5,3.0,0.833,1.5,2.0,3.5,0.5,1.3,0.5,0.5,0.5,3.3,2.8,10.8,-3.8,17.5,0,0,248,247,231,252,165,121,115,179,141,163,7,92,107,49,98,186,153,232,175,177,104,106,52,96,120,244,161,140,12,5,"201594,1612709910"
275,101215,Will Conroy,1612709893,ABQ,26.0,49,23,26,0.469,44.7,9.0,18.7,0.481,2.0,5.7,0.345,6.6,9.4,0.702,0.8,3.9,4.8,8.0,4.2,2.0,0.0,1.1,2.9,6.6,26.5,-2.5,46.1,14,1,18,51,27,162,1,3,3,103,16,11,84,3,2,161,174,80,100,7,3,10,225,8,86,2,2,216,3,13,4,5,"101215,1612709893"
276,201339,Will Frisby,1612709902,DAK,28.0,41,22,19,0.537,31.7,6.1,11.5,0.533,0.0,0.1,0.5,3.0,4.1,0.716,2.8,4.9,7.7,2.2,2.7,0.6,0.7,0.7,3.9,3.2,15.2,3.8,29.1,9,0,80,54,69,110,76,54,78,37,178,203,7,71,59,151,28,41,29,84,49,165,75,51,15,65,72,24,71,31,12,5,"201339,1612709902"
277,201795,Yemi Ogunoye,1612709889,TUL,24.0,49,15,34,0.306,38.3,2.6,6.3,0.414,0.3,0.8,0.366,1.0,1.6,0.6,1.4,2.9,4.3,1.7,1.2,1.5,0.6,0.2,2.2,1.1,6.5,-5.3,19.2,0,0,18,107,3,240,18,183,174,198,132,145,72,198,189,220,106,133,125,114,176,28,94,202,160,210,193,257,149,140,12,5,"201795,1612709889"
